First Name,Last Name,DOB,Username
Abbigail,Barajas,12/26/58,abbigail.barajas
Stephany,Davies,10/20/61,stephany.davies
Malik,Spence,11/24/61,malik.spence
Owen,Little,4/15/64,owen.little
Juan,Andersen,1/22/65,juan.andersen
Mikayla,Whitaker,2/8/65,mikayla.whitaker
Jadon,Adkins,2/10/65,jadon.adkins
Jaelyn,Lopez,10/14/65,jaelyn.lopez
Cesar,Peterson,8/24/70,cesar.peterson
Emmy,Davidson,6/18/71,emmy.davidson
Haven,Butler,9/16/71,haven.butler
Maleah,Mckenzie,7/4/72,maleah.mckenzie
Kathy,Stevenson,9/27/74,kathy.stevenson
Darryl,Saunders,11/5/74,darryl.saunders
Hunter,Levy,11/4/80,hunter.levy
Anabel,Mora,3/30/84,anabel.mora
Harper,Sawyer,8/22/85,harper.sawyer
Dulce,Levy,10/17/85,dulce.levy
Kailyn,Acevedo,7/22/86,kailyn.acevedo
Jaylee,Lozano,7/12/88,jaylee.lozano
Izayah,Palmer,2/14/89,izayah.palmer
Nathalia,Johnston,4/2/90,nathalia.johnston
Gia,Lam,1/11/91,gia.lam
Terry,Miller,7/29/93,terry.miller
Chaim,Cruz,8/9/95,chaim.cruz
Judah,Tate,12/26/58,judah.tate
Gavin,Kirk,10/20/61,gavin.kirk
Dennis,Higgins,11/24/61,dennis.higgins
Catherine,Fisher,4/15/64,catherine.fisher
Aron,Yates,1/22/65,aron.yates
Mckenna,Hampton,2/8/65,mckenna.hampton
Alden,Archer,2/10/65,alden.archer
Vance,Griffith,10/14/65,vance.griffith
Santino,Vang,8/24/70,santino.vang
Aden,Maddox,6/18/71,aden.maddox
Abdiel,Jackson,9/16/71,abdiel.jackson
Frances,Martinez,7/4/72,frances.martinez
Brady,Avery,9/27/74,brady.avery
Terrence,Jones,11/5/74,terrence.jones
Rosemary,Huber,11/4/80,rosemary.huber
Kayley,Dawson,3/30/84,kayley.dawson
Dario,Arellano,8/22/85,dario.arellano
Karlie,Mullen,10/17/85,karlie.mullen
Dixie,Villanueva,7/22/86,dixie.villanueva
Leanna,Fitzpatrick,7/12/88,leanna.fitzpatrick
Jovanni,Odonnell,2/14/89,jovanni.odonnell
Noelle,Mason,4/2/90,noelle.mason
Zaiden,Thornton,1/11/91,zaiden.thornton
Brenna,Hale,7/29/93,brenna.hale
Alexandra,Pope,8/9/95,alexandra.pope
Gianna,Knight,12/26/58,gianna.knight
Salvatore,Colon,10/20/61,salvatore.colon
Eugene,Hansen,11/24/61,eugene.hansen
Anahi,Barajas,4/15/64,anahi.barajas
Andre,Burton,1/22/65,andre.burton
Nicolas,Lucero,2/8/65,nicolas.lucero
Carla,Hebert,2/10/65,carla.hebert
Cierra,Boyer,10/14/65,cierra.boyer
Dane,Gallegos,8/24/70,dane.gallegos
Dereon,Kennedy,6/18/71,dereon.kennedy
Tatum,Mcpherson,9/16/71,tatum.mcpherson
Lexie,Vasquez,7/4/72,lexie.vasquez
Edwin,Brock,9/27/74,edwin.brock
Orion,Gonzalez,11/5/74,orion.gonzalez
Ezequiel,Miller,11/4/80,ezequiel.miller
Frank,Pena,3/30/84,frank.pena
Audrey,Oconnor,8/22/85,audrey.oconnor
Lawson,Jenkins,10/17/85,lawson.jenkins
Rigoberto,Raymond,7/22/86,rigoberto.raymond
Carmen,Jackson,7/12/88,carmen.jackson
Leandro,Fernandez,2/14/89,leandro.fernandez
Ariella,Allison,4/2/90,ariella.allison
Janet,Ferguson,1/11/91,janet.ferguson
Adrienne,Barber,7/29/93,adrienne.barber
Siena,Swanson,8/9/95,siena.swanson
Gilbert,Leonard,12/26/58,gilbert.leonard
Cortez,Castaneda,10/20/61,cortez.castaneda
Koen,Burgess,11/24/61,koen.burgess
Jameson,Burch,4/15/64,jameson.burch
Calvin,Hawkins,1/22/65,calvin.hawkins
Essence,Duffy,2/8/65,essence.duffy
Payton,Arellano,2/10/65,payton.arellano
Nasir,Bryan,10/14/65,nasir.bryan
Dominick,Mathews,8/24/70,dominick.mathews
Zaid,Webb,6/18/71,zaid.webb
Cale,Patton,9/16/71,cale.patton
Ace,Petersen,7/4/72,ace.petersen
Vincent,Montoya,9/27/74,vincent.montoya
Justice,Acosta,11/5/74,justice.acosta
Ross,Serrano,11/4/80,ross.serrano
Mitchell,Sloan,3/30/84,mitchell.sloan
Giana,Roach,8/22/85,giana.roach
Marshall,Coffey,10/17/85,marshall.coffey
Cynthia,Kent,7/22/86,cynthia.kent
Malachi,Bond,7/12/88,malachi.bond
Savion,Frey,2/14/89,savion.frey
Julius,Zimmerman,4/2/90,julius.zimmerman
Martin,Santiago,1/11/91,martin.santiago
Nia,Montgomery,7/29/93,nia.montgomery
Destiny,Dominguez,8/9/95,destiny.dominguez
Alan,Cross,12/26/58,alan.cross
Israel,Bell,10/20/61,israel.bell
Lauren,Huang,11/24/61,lauren.huang
Lillian,Powers,4/15/64,lillian.powers
Fiona,Maxwell,1/22/65,fiona.maxwell
Ezequiel,Khan,2/8/65,ezequiel.khan
Aileen,Vaughn,2/10/65,aileen.vaughn
Jewel,Holden,10/14/65,jewel.holden
Kathleen,Roberts,8/24/70,kathleen.roberts
Rhys,Strong,6/18/71,rhys.strong
Penelope,Cordova,9/16/71,penelope.cordova
Marisa,Charles,7/4/72,marisa.charles
Ramon,Hampton,9/27/74,ramon.hampton
Keon,Holloway,11/5/74,keon.holloway
Gemma,Nixon,11/4/80,gemma.nixon
Amya,Meza,3/30/84,amya.meza
Allyson,Villarreal,8/22/85,allyson.villarreal
Nikolai,Newton,10/17/85,nikolai.newton
Jayce,Frederick,7/22/86,jayce.frederick
Kristian,Holland,7/12/88,kristian.holland
Devan,Oconnell,2/14/89,devan.oconnell
Elle,Mills,4/2/90,elle.mills
Imani,Weiss,1/11/91,imani.weiss
Keely,Brooks,7/29/93,keely.brooks
Joaquin,Meza,8/9/95,joaquin.meza
Carolyn,Villanueva,12/26/58,carolyn.villanueva
Fiona,Mora,10/20/61,fiona.mora
Justice,Garrison,11/24/61,justice.garrison
Jadon,Baldwin,4/15/64,jadon.baldwin
Jared,Petersen,1/22/65,jared.petersen
Ella,Stanley,2/8/65,ella.stanley
Kira,Warner,2/10/65,kira.warner
Quincy,Bailey,10/14/65,quincy.bailey
Annie,Welch,8/24/70,annie.welch
Chelsea,Vang,6/18/71,chelsea.vang
Izaiah,Sheppard,9/16/71,izaiah.sheppard
Jerimiah,Petersen,7/4/72,jerimiah.petersen
Fisher,Garcia,9/27/74,fisher.garcia
Nia,Reyes,11/5/74,nia.reyes
Jax,Hurst,11/4/80,jax.hurst
Sierra,Strickland,3/30/84,sierra.strickland
Emilee,Leach,8/22/85,emilee.leach
Clare,Andrade,10/17/85,clare.andrade
Freddy,Joseph,7/22/86,freddy.joseph
Yaretzi,Forbes,7/12/88,yaretzi.forbes
Hadley,Palmer,2/14/89,hadley.palmer
Alexia,Navarro,4/2/90,alexia.navarro
Tyler,Ramos,1/11/91,tyler.ramos
Shiloh,Yu,7/29/93,shiloh.yu
Kristen,Maynard,8/9/95,kristen.maynard
Reed,Estes,12/26/58,reed.estes
Carla,Marshall,10/20/61,carla.marshall
Nathan,Rosales,11/24/61,nathan.rosales
Lewis,Leonard,4/15/64,lewis.leonard
Azaria,Montgomery,1/22/65,azaria.montgomery
Savion,Davenport,2/8/65,savion.davenport
Francisco,Wagner,2/10/65,francisco.wagner
Carolyn,Daugherty,10/14/65,carolyn.daugherty
Maribel,Blevins,8/24/70,maribel.blevins
Jaslene,Reyes,6/18/71,jaslene.reyes
Elaina,Medina,9/16/71,elaina.medina
Eileen,Petersen,7/4/72,eileen.petersen
Keenan,Hanna,9/27/74,keenan.hanna
Jaylon,Murray,11/5/74,jaylon.murray
Zion,Sellers,11/4/80,zion.sellers
Frida,Guerrero,3/30/84,frida.guerrero
Conrad,Bright,8/22/85,conrad.bright
Cyrus,Montoya,10/17/85,cyrus.montoya
Madelynn,Frank,7/22/86,madelynn.frank
Deja,Daugherty,7/12/88,deja.daugherty
Amiah,Medina,2/14/89,amiah.medina
Denisse,Carroll,4/2/90,denisse.carroll
Jayvon,Castillo,1/11/91,jayvon.castillo
Atticus,Fitzgerald,7/29/93,atticus.fitzgerald
Carl,Quinn,8/9/95,carl.quinn
Presley,Walls,12/26/58,presley.walls
Rhianna,Rivera,10/20/61,rhianna.rivera
Paxton,Lawrence,11/24/61,paxton.lawrence
Alijah,Stephens,4/15/64,alijah.stephens
Marvin,Monroe,1/22/65,marvin.monroe
Elisabeth,Cooley,2/8/65,elisabeth.cooley
Chloe,Merritt,2/10/65,chloe.merritt
Desiree,Holmes,10/14/65,desiree.holmes
Makenzie,Kennedy,8/24/70,makenzie.kennedy
Azaria,Mills,6/18/71,azaria.mills
Uriel,Bell,9/16/71,uriel.bell
Tyree,Frazier,7/4/72,tyree.frazier
Aldo,Rogers,9/27/74,aldo.rogers
Brielle,Benjamin,11/5/74,brielle.benjamin
James,Holt,11/4/80,james.holt
Kaitlyn,Carpenter,3/30/84,kaitlyn.carpenter
Brooklynn,Quinn,8/22/85,brooklynn.quinn
Danielle,Duarte,10/17/85,danielle.duarte
Diamond,Dunlap,7/22/86,diamond.dunlap
Adan,Compton,7/12/88,adan.compton
Samara,Watts,2/14/89,samara.watts
Marcos,English,4/2/90,marcos.english
Marely,Contreras,1/11/91,marely.contreras
Lilah,Singh,7/29/93,lilah.singh
Maxwell,Kemp,8/9/95,maxwell.kemp
Mercedes,Watkins,12/26/58,mercedes.watkins
Braylen,Parks,10/20/61,braylen.parks
Jadyn,Rose,11/24/61,jadyn.rose
Myah,Ibarra,4/15/64,myah.ibarra
Katrina,Ponce,1/22/65,katrina.ponce
Jesse,Pugh,2/8/65,jesse.pugh
Kaliyah,Wiggins,2/10/65,kaliyah.wiggins
Joselyn,Nunez,10/14/65,joselyn.nunez
Ronan,Proctor,8/24/70,ronan.proctor
Gordon,Fernandez,6/18/71,gordon.fernandez
Charles,Norton,9/16/71,charles.norton
Shyann,Hall,7/4/72,shyann.hall
Luna,Scott,9/27/74,luna.scott
Aliana,Bailey,11/5/74,aliana.bailey
Jan,Brock,11/4/80,jan.brock
German,Anderson,3/30/84,german.anderson
Gemma,White,8/22/85,gemma.white
Sylvia,Hunter,10/17/85,sylvia.hunter
Meadow,Stark,7/22/86,meadow.stark
Eli,Blevins,7/12/88,eli.blevins
Elvis,Owen,2/14/89,elvis.owen
Kendall,Mccarty,4/2/90,kendall.mccarty
Charlie,Powers,1/11/91,charlie.powers
Izaiah,Pollard,7/29/93,izaiah.pollard
Angelina,Rice,8/9/95,angelina.rice
Taylor,Phelps,12/26/58,taylor.phelps
Stacy,Brooks,10/20/61,stacy.brooks
Landyn,Ruiz,11/24/61,landyn.ruiz
Jesse,Arnold,4/15/64,jesse.arnold
Jaycee,Bennett,1/22/65,jaycee.bennett
Edgar,Galloway,2/8/65,edgar.galloway
Terry,Mayer,2/10/65,terry.mayer
Tori,Oconnor,10/14/65,tori.oconnor
Royce,Kim,8/24/70,royce.kim
Jaylon,Kaiser,6/18/71,jaylon.kaiser
Marcus,Hurst,9/16/71,marcus.hurst
Uriel,Gill,7/4/72,uriel.gill
Edwin,Bright,9/27/74,edwin.bright
Marisa,Arellano,11/5/74,marisa.arellano
Tristen,Duncan,11/4/80,tristen.duncan
Chaim,Guerrero,3/30/84,chaim.guerrero
Isla,Hurley,8/22/85,isla.hurley
Chase,Hicks,10/17/85,chase.hicks
Colin,Duran,7/22/86,colin.duran
Lamar,Mason,7/12/88,lamar.mason
Layla,Lane,2/14/89,layla.lane
Harold,Shepard,4/2/90,harold.shepard
Bria,Vincent,1/11/91,bria.vincent
Luz,Bryant,7/29/93,luz.bryant
Layne,York,8/9/95,layne.york
Yadira,Anthony,12/26/58,yadira.anthony
Abbigail,Larsen,10/20/61,abbigail.larsen
Kristian,Price,11/24/61,kristian.price
Eric,Palmer,4/15/64,eric.palmer
Kadin,Wall,1/22/65,kadin.wall
Tabitha,Morton,2/8/65,tabitha.morton
Jesus,Ayala,2/10/65,jesus.ayala
Rylee,Finley,10/14/65,rylee.finley
Abdiel,Prince,8/24/70,abdiel.prince
America,Reilly,6/18/71,america.reilly
Cyrus,Ali,9/16/71,cyrus.ali
Yoselin,Boone,7/4/72,yoselin.boone
Gunner,Benitez,9/27/74,gunner.benitez
Jaxon,Davenport,11/5/74,jaxon.davenport
Alexandria,Coleman,11/4/80,alexandria.coleman
Samara,Waters,3/30/84,samara.waters
Cale,Suarez,8/22/85,cale.suarez
Sofia,Cobb,10/17/85,sofia.cobb
Diya,Owen,7/22/86,diya.owen
Paul,Camacho,7/12/88,paul.camacho
Leo,Alvarez,2/14/89,leo.alvarez
Terrell,Mcguire,4/2/90,terrell.mcguire
Kristian,Dunlap,1/11/91,kristian.dunlap
Braiden,Johnston,7/29/93,braiden.johnston
Tucker,Weaver,8/9/95,tucker.weaver
Kasen,Guerra,12/26/58,kasen.guerra
Leanna,Carroll,10/20/61,leanna.carroll
Kyra,Vazquez,11/24/61,kyra.vazquez
Haven,Garza,4/15/64,haven.garza
Shelby,Hester,1/22/65,shelby.hester
Teresa,Trevino,2/8/65,teresa.trevino
Jean,Bonilla,2/10/65,jean.bonilla
Rose,Burnett,10/14/65,rose.burnett
Alvaro,Blevins,8/24/70,alvaro.blevins
Antonio,Gaines,6/18/71,antonio.gaines
Skylar,Hess,9/16/71,skylar.hess
Avery,Cain,7/4/72,avery.cain
Barbara,Calhoun,9/27/74,barbara.calhoun
Alex,Kent,11/5/74,alex.kent
Vanessa,Hammond,11/4/80,vanessa.hammond
Raiden,Shea,3/30/84,raiden.shea
Miracle,Maxwell,8/22/85,miracle.maxwell
Makaila,Fletcher,10/17/85,makaila.fletcher
Trent,Grant,7/22/86,trent.grant
Kayla,Chandler,7/12/88,kayla.chandler
Marely,Briggs,2/14/89,marely.briggs
Aliyah,Noble,4/2/90,aliyah.noble
Amelie,Goodman,1/11/91,amelie.goodman
Corey,Mora,7/29/93,corey.mora
Dario,Novak,8/9/95,dario.novak
Rachel,Chen,12/26/58,rachel.chen
Cornelius,Hampton,10/20/61,cornelius.hampton
Jaylee,Park,11/24/61,jaylee.park
Leo,Larsen,4/15/64,leo.larsen
Stella,Best,1/22/65,stella.best
Frank,Warren,2/8/65,frank.warren
Janet,Ibarra,2/10/65,janet.ibarra
Craig,Wilkinson,10/14/65,craig.wilkinson
Jazlene,Kent,8/24/70,jazlene.kent
Vaughn,Estrada,6/18/71,vaughn.estrada
Trevon,Jackson,9/16/71,trevon.jackson
Ricky,Bender,7/4/72,ricky.bender
Travis,Harrison,9/27/74,travis.harrison
Kamryn,Mcneil,11/5/74,kamryn.mcneil
Alanna,Gay,11/4/80,alanna.gay
Janiyah,Santiago,3/30/84,janiyah.santiago
Sergio,Patrick,8/22/85,sergio.patrick
Lilia,Nichols,10/17/85,lilia.nichols
Kathryn,Crane,7/22/86,kathryn.crane
Evan,Franklin,7/12/88,evan.franklin
Jace,Mcclain,2/14/89,jace.mcclain
Maximilian,Franklin,4/2/90,maximilian.franklin
Andrea,Keller,1/11/91,andrea.keller
Zoie,Winters,7/29/93,zoie.winters
Dania,Vaughan,8/9/95,dania.vaughan
Carleigh,Villanueva,12/26/58,carleigh.villanueva
Brendon,Watson,10/20/61,brendon.watson
Lillie,Larson,11/24/61,lillie.larson
Makayla,Hines,4/15/64,makayla.hines
Ricardo,Santiago,1/22/65,ricardo.santiago
Quinn,Nelson,2/8/65,quinn.nelson
Justin,Schmidt,2/10/65,justin.schmidt
Rylee,Jacobs,10/14/65,rylee.jacobs
Elliott,Oconnell,8/24/70,elliott.oconnell
Luka,Walker,6/18/71,luka.walker
Jada,Mccarthy,9/16/71,jada.mccarthy
Sadie,Walls,7/4/72,sadie.walls
Taryn,Mendez,9/27/74,taryn.mendez
Marcus,Klein,11/5/74,marcus.klein
Emmalee,Walter,11/4/80,emmalee.walter
Alaina,Clay,3/30/84,alaina.clay
Madelyn,Olsen,8/22/85,madelyn.olsen
Alana,Buckley,10/17/85,alana.buckley
Jaylene,Baker,7/22/86,jaylene.baker
Kelsey,Lucero,7/12/88,kelsey.lucero
Jaxson,Ferrell,2/14/89,jaxson.ferrell
Malik,Berg,4/2/90,malik.berg
Yusuf,Eaton,1/11/91,yusuf.eaton
Zion,Schwartz,7/29/93,zion.schwartz
Paola,Walton,8/9/95,paola.walton
Hope,Mccann,12/26/58,hope.mccann
Trevor,Reid,10/20/61,trevor.reid
Cedric,Carney,11/24/61,cedric.carney
Porter,Neal,4/15/64,porter.neal
Parker,Jefferson,1/22/65,parker.jefferson
Aileen,Alvarado,2/8/65,aileen.alvarado
Hazel,Riddle,2/10/65,hazel.riddle
Bailee,Norton,10/14/65,bailee.norton
Emilee,Larson,8/24/70,emilee.larson
Angela,Mitchell,6/18/71,angela.mitchell
Celia,Bailey,9/16/71,celia.bailey
Harper,Solis,7/4/72,harper.solis
Matias,Maddox,9/27/74,matias.maddox
Casey,Malone,11/5/74,casey.malone
Kai,Pitts,11/4/80,kai.pitts
Jaxson,Riley,3/30/84,jaxson.riley
Carson,Stokes,8/22/85,carson.stokes
Ricardo,Burke,10/17/85,ricardo.burke
Hana,Kim,7/22/86,hana.kim
Taniya,Edwards,7/12/88,taniya.edwards
Selena,Bradshaw,2/14/89,selena.bradshaw
Sofia,Ward,4/2/90,sofia.ward
Wade,Cline,1/11/91,wade.cline
Brycen,Potts,7/29/93,brycen.potts
Enzo,Winters,8/9/95,enzo.winters
Lillianna,Branch,12/26/58,lillianna.branch
Alexis,Horn,10/20/61,alexis.horn
Katelyn,Rivers,11/24/61,katelyn.rivers
Abagail,Bennett,4/15/64,abagail.bennett
Ally,Blackburn,1/22/65,ally.blackburn
Jaslene,Frost,2/8/65,jaslene.frost
Nolan,White,2/10/65,nolan.white
Morgan,Avery,10/14/65,morgan.avery
Giada,Maxwell,8/24/70,giada.maxwell
Daisy,Hood,6/18/71,daisy.hood
Cyrus,Pennington,9/16/71,cyrus.pennington
Emilio,Keller,7/4/72,emilio.keller
Valentino,Mccann,9/27/74,valentino.mccann
Brady,Mccall,11/5/74,brady.mccall
Larry,Ruiz,11/4/80,larry.ruiz
Niko,Huber,3/30/84,niko.huber
Hector,Becker,8/22/85,hector.becker
Kamron,Marquez,10/17/85,kamron.marquez
Solomon,Murphy,7/22/86,solomon.murphy
Camron,Solomon,7/12/88,camron.solomon
Isai,Mccoy,2/14/89,isai.mccoy
Cordell,Bernard,4/2/90,cordell.bernard
Matilda,Boyer,1/11/91,matilda.boyer
Lamont,Tate,7/29/93,lamont.tate
Cloe,Vasquez,8/9/95,cloe.vasquez
Gary,Hardin,12/26/58,gary.hardin
Kaelyn,Garner,10/20/61,kaelyn.garner
Lila,Winters,11/24/61,lila.winters
Alejandro,Lamb,4/15/64,alejandro.lamb
Destiney,Montoya,1/22/65,destiney.montoya
Aileen,Welch,2/8/65,aileen.welch
Deangelo,Juarez,2/10/65,deangelo.juarez
Jazmin,Santos,10/14/65,jazmin.santos
Sage,Garrison,8/24/70,sage.garrison
Ryann,Huffman,6/18/71,ryann.huffman
Alan,King,9/16/71,alan.king
Randy,White,7/4/72,randy.white
Sarahi,Reeves,9/27/74,sarahi.reeves
Chandler,Davis,11/5/74,chandler.davis
Uriel,Woodard,11/4/80,uriel.woodard
Lorenzo,Juarez,3/30/84,lorenzo.juarez
Talon,Reese,8/22/85,talon.reese
Alvaro,Gates,10/17/85,alvaro.gates
Kamren,Le,7/22/86,kamren.le
Yahir,Mills,7/12/88,yahir.mills
Allisson,Boyer,2/14/89,allisson.boyer
Ari,Wilson,4/2/90,ari.wilson
Tate,Luna,1/11/91,tate.luna
Gauge,Decker,7/29/93,gauge.decker
Paige,Anthony,8/9/95,paige.anthony
Joseph,Bird,12/26/58,joseph.bird
Bridger,Velasquez,10/20/61,bridger.velasquez
Wyatt,Brooks,11/24/61,wyatt.brooks
Rowan,Trevino,4/15/64,rowan.trevino
Kayley,Walters,1/22/65,kayley.walters
Naomi,Vargas,2/8/65,naomi.vargas
Saul,Levine,2/10/65,saul.levine
Laura,Maynard,10/14/65,laura.maynard
Jaylin,Meyers,8/24/70,jaylin.meyers
Stephen,Barrera,6/18/71,stephen.barrera
Riley,Cooley,9/16/71,riley.cooley
Eleanor,Burch,7/4/72,eleanor.burch
Zachery,Ortiz,9/27/74,zachery.ortiz
Lacey,Dodson,11/5/74,lacey.dodson
Tess,Bender,11/4/80,tess.bender
Addison,Andrews,3/30/84,addison.andrews
Johanna,Duran,8/22/85,johanna.duran
Aubree,Wu,10/17/85,aubree.wu
Brianna,Fletcher,7/22/86,brianna.fletcher
Carissa,Sandoval,7/12/88,carissa.sandoval
Kaliyah,Fitzpatrick,2/14/89,kaliyah.fitzpatrick
Brady,Moon,4/2/90,brady.moon
Kyleigh,Mays,1/11/91,kyleigh.mays
Brenton,Trujillo,7/29/93,brenton.trujillo
Carlee,Trujillo,8/9/95,carlee.trujillo
Jack,Lucero,12/26/58,jack.lucero
Kaiden,Weber,10/20/61,kaiden.weber
Kate,Delgado,11/24/61,kate.delgado
Braedon,Richardson,4/15/64,braedon.richardson
Selina,Hernandez,1/22/65,selina.hernandez
Anton,Macdonald,2/8/65,anton.macdonald
Sam,Schultz,2/10/65,sam.schultz
Monserrat,Berger,10/14/65,monserrat.berger
Dennis,Mueller,8/24/70,dennis.mueller
Kobe,Townsend,6/18/71,kobe.townsend
Brisa,Bright,9/16/71,brisa.bright
Antony,Lozano,7/4/72,antony.lozano
Messiah,Moore,9/27/74,messiah.moore
Alejandra,Orr,11/5/74,alejandra.orr
Armando,Gross,11/4/80,armando.gross
Rhys,Barry,3/30/84,rhys.barry
Iliana,Edwards,8/22/85,iliana.edwards
Laila,Lyons,10/17/85,laila.lyons
Morgan,Hill,7/22/86,morgan.hill
Memphis,Reed,7/12/88,memphis.reed
Marlene,Beck,2/14/89,marlene.beck
Alani,Blackburn,4/2/90,alani.blackburn
Lamont,Nolan,1/11/91,lamont.nolan
Kaydence,Sherman,7/29/93,kaydence.sherman
Jamal,Waller,8/9/95,jamal.waller
Talon,Wyatt,12/26/58,talon.wyatt
Leah,Perkins,10/20/61,leah.perkins
Solomon,Hatfield,11/24/61,solomon.hatfield
Amani,Montgomery,4/15/64,amani.montgomery
Kendrick,Parks,1/22/65,kendrick.parks
Aaden,Mathews,2/8/65,aaden.mathews
Saul,Ali,2/10/65,saul.ali
Roger,Carey,10/14/65,roger.carey
Karley,Scott,8/24/70,karley.scott
Dale,Weaver,6/18/71,dale.weaver
Odin,Lynn,9/16/71,odin.lynn
Asia,Branch,7/4/72,asia.branch
Raul,Wall,9/27/74,raul.wall
Alessandra,Blake,11/5/74,alessandra.blake
Gavyn,Pratt,11/4/80,gavyn.pratt
Brayden,Higgins,3/30/84,brayden.higgins
Matthias,Lopez,8/22/85,matthias.lopez
Ronnie,Davila,10/17/85,ronnie.davila
Charity,Doyle,7/22/86,charity.doyle
Aspen,Jones,7/12/88,aspen.jones
Blake,Luna,2/14/89,blake.luna
Antony,Buck,4/2/90,antony.buck
Madisyn,Zhang,1/11/91,madisyn.zhang
Jeramiah,Richardson,7/29/93,jeramiah.richardson
Fatima,Boyle,8/9/95,fatima.boyle
Braden,Stephens,12/26/58,braden.stephens
Jasmine,Sweeney,10/20/61,jasmine.sweeney
Leonard,Roberson,11/24/61,leonard.roberson
Jaliyah,Bowman,4/15/64,jaliyah.bowman
Cale,Ewing,1/22/65,cale.ewing
Mekhi,Schultz,2/8/65,mekhi.schultz
Cora,Bartlett,2/10/65,cora.bartlett
Samir,Mckinney,10/14/65,samir.mckinney
Keenan,French,8/24/70,keenan.french
Tristen,Perry,6/18/71,tristen.perry
Francesca,Patton,9/16/71,francesca.patton
Haylie,Kaiser,7/4/72,haylie.kaiser
Melany,Padilla,9/27/74,melany.padilla
Brett,Stuart,11/5/74,brett.stuart
Ahmed,Osborn,11/4/80,ahmed.osborn
Spencer,Suarez,3/30/84,spencer.suarez
Kristopher,Bullock,8/22/85,kristopher.bullock
Alexandra,Gray,10/17/85,alexandra.gray
Kristian,Stokes,7/22/86,kristian.stokes
Orlando,Terry,7/12/88,orlando.terry
Aria,Chambers,2/14/89,aria.chambers
Jensen,Stephenson,4/2/90,jensen.stephenson
Micah,Jimenez,1/11/91,micah.jimenez
Kaylie,Chang,7/29/93,kaylie.chang
Francesca,Huff,8/9/95,francesca.huff
Barrett,Hinton,12/26/58,barrett.hinton
Kiley,Irwin,10/20/61,kiley.irwin
Bella,Reilly,11/24/61,bella.reilly
Lucian,Crane,4/15/64,lucian.crane
Sienna,Hurst,1/22/65,sienna.hurst
Damion,Chang,2/8/65,damion.chang
Madilynn,Ruiz,2/10/65,madilynn.ruiz
Leah,Randolph,10/14/65,leah.randolph
Yasmine,Richard,8/24/70,yasmine.richard
Nick,Barr,6/18/71,nick.barr
Katelynn,Kane,9/16/71,katelynn.kane
Fernando,Hansen,7/4/72,fernando.hansen
Amy,Jarvis,9/27/74,amy.jarvis
Holden,Kaiser,11/5/74,holden.kaiser
Courtney,Richmond,11/4/80,courtney.richmond
Eden,Crawford,3/30/84,eden.crawford
Aaron,Weber,8/22/85,aaron.weber
Scarlet,Humphrey,10/17/85,scarlet.humphrey
Sierra,Grant,7/22/86,sierra.grant
Karina,Mason,7/12/88,karina.mason
Mariana,Murphy,2/14/89,mariana.murphy
Audrey,Spears,4/2/90,audrey.spears
Harley,Bailey,1/11/91,harley.bailey
Desirae,Daniel,7/29/93,desirae.daniel
Alannah,Eaton,8/9/95,alannah.eaton
Alijah,Hudson,12/26/58,alijah.hudson
Anderson,Giles,10/20/61,anderson.giles
Miley,Jarvis,11/24/61,miley.jarvis
Mateo,Bradley,4/15/64,mateo.bradley
Rodney,Solis,1/22/65,rodney.solis
Paris,Gibbs,2/8/65,paris.gibbs
Chase,Abbott,2/10/65,chase.abbott
Trenton,Sullivan,10/14/65,trenton.sullivan
Janet,Stuart,8/24/70,janet.stuart
Paulina,Benton,6/18/71,paulina.benton
Brock,Huffman,9/16/71,brock.huffman
Cassidy,Best,7/4/72,cassidy.best
Alia,Oconnell,9/27/74,alia.oconnell
Cassandra,Bowen,11/5/74,cassandra.bowen
Warren,Caldwell,11/4/80,warren.caldwell
Brynlee,Guzman,3/30/84,brynlee.guzman
Lizeth,Baird,8/22/85,lizeth.baird
Leonel,Hodge,10/17/85,leonel.hodge
Madelyn,Gaines,7/22/86,madelyn.gaines
Richard,Mcbride,7/12/88,richard.mcbride
Aedan,Curtis,2/14/89,aedan.curtis
Cannon,Dudley,4/2/90,cannon.dudley
Johnathan,Ellison,1/11/91,johnathan.ellison
Danny,Hansen,7/29/93,danny.hansen
Amy,Day,8/9/95,amy.day
Tyree,Tran,12/26/58,tyree.tran
Marcos,Hendrix,10/20/61,marcos.hendrix
Raelynn,Swanson,11/24/61,raelynn.swanson
Gary,Velez,4/15/64,gary.velez
Macy,Gordon,1/22/65,macy.gordon
Dakota,Arroyo,2/8/65,dakota.arroyo
Kyra,Hudson,2/10/65,kyra.hudson
Kamren,Terry,10/14/65,kamren.terry
Noemi,Bonilla,8/24/70,noemi.bonilla
August,Huff,6/18/71,august.huff
Braelyn,Barrett,9/16/71,braelyn.barrett
Misael,Estes,7/4/72,misael.estes
William,Huerta,9/27/74,william.huerta
Matilda,Terry,11/5/74,matilda.terry
Blake,Richmond,11/4/80,blake.richmond
Trinity,Conrad,3/30/84,trinity.conrad
Ariel,Tapia,8/22/85,ariel.tapia
Jeremiah,Blackwell,10/17/85,jeremiah.blackwell
Dwayne,Robinson,7/22/86,dwayne.robinson
Aedan,Willis,7/12/88,aedan.willis
Kevin,Mcmillan,2/14/89,kevin.mcmillan
Deja,Griffith,4/2/90,deja.griffith
Kaleb,Leonard,1/11/91,kaleb.leonard
Leo,Mckinney,7/29/93,leo.mckinney
Leandro,Bond,8/9/95,leandro.bond
Armani,Suarez,12/26/58,armani.suarez
Catalina,Cole,10/20/61,catalina.cole
Quincy,Rice,11/24/61,quincy.rice
Ashley,Ball,4/15/64,ashley.ball
Ireland,Doyle,1/22/65,ireland.doyle
Abdullah,Jennings,2/8/65,abdullah.jennings
Chelsea,Nicholson,2/10/65,chelsea.nicholson
Bradyn,Pollard,10/14/65,bradyn.pollard
Alijah,Anderson,8/24/70,alijah.anderson
Jordan,Foster,6/18/71,jordan.foster
Troy,Wiley,9/16/71,troy.wiley
Dax,Ho,7/4/72,dax.ho
Raiden,Jones,9/27/74,raiden.jones
Kamryn,Anthony,11/5/74,kamryn.anthony
Maddison,Robbins,11/4/80,maddison.robbins
London,Booth,3/30/84,london.booth
Lauren,Lindsey,8/22/85,lauren.lindsey
Rowan,George,10/17/85,rowan.george
Jakayla,May,7/22/86,jakayla.may
Leon,Houston,7/12/88,leon.houston
Bennett,Davis,2/14/89,bennett.davis
Jaqueline,Kemp,4/2/90,jaqueline.kemp
Nathen,Perkins,1/11/91,nathen.perkins
Grady,Valentine,7/29/93,grady.valentine
Denzel,Stuart,8/9/95,denzel.stuart
Larry,Jarvis,12/26/58,larry.jarvis
Joaquin,Clarke,10/20/61,joaquin.clarke
Roger,Ho,11/24/61,roger.ho
Royce,Christensen,4/15/64,royce.christensen
Kaydence,Kelly,1/22/65,kaydence.kelly
Taylor,Meyer,2/8/65,taylor.meyer
Sullivan,Anderson,2/10/65,sullivan.anderson
Kash,Keith,10/14/65,kash.keith
Hazel,Cardenas,8/24/70,hazel.cardenas
Monica,Terry,6/18/71,monica.terry
Jamiya,Acosta,9/16/71,jamiya.acosta
Kali,May,7/4/72,kali.may
Carla,Booth,9/27/74,carla.booth
Bryson,Murillo,11/5/74,bryson.murillo
Lila,Ashley,11/4/80,lila.ashley
Jessie,Simpson,3/30/84,jessie.simpson
Jordon,Cruz,8/22/85,jordon.cruz
Lillian,Fields,10/17/85,lillian.fields
Kaydence,Hudson,7/22/86,kaydence.hudson
Simone,Chan,7/12/88,simone.chan
Tiara,Boone,2/14/89,tiara.boone
Ezra,Mcneil,4/2/90,ezra.mcneil
Chase,Franco,1/11/91,chase.franco
Maya,Spears,7/29/93,maya.spears
Tristan,Barnes,8/9/95,tristan.barnes
Augustus,Wall,12/26/58,augustus.wall
Kolby,Randolph,10/20/61,kolby.randolph
Asia,Christian,11/24/61,asia.christian
Kenyon,Orozco,4/15/64,kenyon.orozco
Elyse,Farley,1/22/65,elyse.farley
Neil,Rollins,2/8/65,neil.rollins
Ezekiel,Zavala,2/10/65,ezekiel.zavala
Marley,Perez,10/14/65,marley.perez
Issac,Perry,8/24/70,issac.perry
Deanna,Freeman,6/18/71,deanna.freeman
Wesley,Whitney,9/16/71,wesley.whitney
Cristal,Hayes,7/4/72,cristal.hayes
Desirae,Glass,9/27/74,desirae.glass
Colin,Cuevas,11/5/74,colin.cuevas
Dayana,Sosa,11/4/80,dayana.sosa
Autumn,Hamilton,3/30/84,autumn.hamilton
Luciano,Lowery,8/22/85,luciano.lowery
Shamar,Spencer,10/17/85,shamar.spencer
Valentino,Horton,7/22/86,valentino.horton
Lawson,Briggs,7/12/88,lawson.briggs
Karlee,Rosales,2/14/89,karlee.rosales
Damaris,Hancock,4/2/90,damaris.hancock
Yaretzi,Kline,1/11/91,yaretzi.kline
Amara,Jennings,7/29/93,amara.jennings
Sonny,Roberson,8/9/95,sonny.roberson
Sarai,Walls,12/26/58,sarai.walls
Jaylin,Sellers,10/20/61,jaylin.sellers
Gunner,Hester,11/24/61,gunner.hester
Gregory,Townsend,4/15/64,gregory.townsend
Crystal,Shepherd,1/22/65,crystal.shepherd
Kole,Hoover,2/8/65,kole.hoover
Alena,Mcdonald,2/10/65,alena.mcdonald
Keely,Velez,10/14/65,keely.velez
Brooklyn,Jennings,8/24/70,brooklyn.jennings
Ariel,Norton,6/18/71,ariel.norton
Braydon,Sullivan,9/16/71,braydon.sullivan
Kimora,Lam,7/4/72,kimora.lam
Eddie,Navarro,9/27/74,eddie.navarro
Jamarion,Schultz,11/5/74,jamarion.schultz
Alia,Mayer,11/4/80,alia.mayer
London,Lutz,3/30/84,london.lutz
Jason,Caldwell,8/22/85,jason.caldwell
Jaiden,Rich,10/17/85,jaiden.rich
Brycen,Bowman,7/22/86,brycen.bowman
Makenzie,Kim,7/12/88,makenzie.kim
Seth,Cox,2/14/89,seth.cox
Jerry,Walls,4/2/90,jerry.walls
Liberty,Valdez,1/11/91,liberty.valdez
Nick,Davenport,7/29/93,nick.davenport
Madisyn,Molina,8/9/95,madisyn.molina
Vicente,Ramos,12/26/58,vicente.ramos
Kallie,Watson,10/20/61,kallie.watson
Abigayle,Little,11/24/61,abigayle.little
Madyson,Ayala,4/15/64,madyson.ayala
Hailey,Lynn,1/22/65,hailey.lynn
Valentino,Schwartz,2/8/65,valentino.schwartz
Keshawn,Gonzales,2/10/65,keshawn.gonzales
Hadassah,Heath,10/14/65,hadassah.heath
Ulises,Lee,8/24/70,ulises.lee
Derek,Griffith,6/18/71,derek.griffith
Carson,Miles,9/16/71,carson.miles
Kymani,Wilson,7/4/72,kymani.wilson
Precious,Fletcher,9/27/74,precious.fletcher
Kassandra,Rivas,11/5/74,kassandra.rivas
Kamora,Kelley,11/4/80,kamora.kelley
Mollie,Parks,3/30/84,mollie.parks
Dario,Alvarado,8/22/85,dario.alvarado
Layton,Thornton,10/17/85,layton.thornton
Wilson,Bush,7/22/86,wilson.bush
Rayne,Hartman,7/12/88,rayne.hartman
Clarence,Marquez,2/14/89,clarence.marquez
Angie,Boyle,4/2/90,angie.boyle
Saniyah,Ritter,1/11/91,saniyah.ritter
Cody,Middleton,7/29/93,cody.middleton
Marianna,Trujillo,8/9/95,marianna.trujillo
Skyler,Dawson,12/26/58,skyler.dawson
Jorden,Bean,10/20/61,jorden.bean
Jaxon,Haney,11/24/61,jaxon.haney
Laylah,Gonzalez,4/15/64,laylah.gonzalez
Ronnie,Perkins,1/22/65,ronnie.perkins
Isiah,Dillon,2/8/65,isiah.dillon
Shamar,Sandoval,2/10/65,shamar.sandoval
Humberto,Richards,10/14/65,humberto.richards
Abdiel,Norton,8/24/70,abdiel.norton
Ryan,Mueller,6/18/71,ryan.mueller
Tyrone,Mcgee,9/16/71,tyrone.mcgee
Abril,Gallegos,7/4/72,abril.gallegos
Jasper,Lara,9/27/74,jasper.lara
Kenny,Bentley,11/5/74,kenny.bentley
Hailey,Mills,11/4/80,hailey.mills
Stephany,Cardenas,3/30/84,stephany.cardenas
Mireya,Pope,8/22/85,mireya.pope
Josie,Green,10/17/85,josie.green
Quintin,Drake,7/22/86,quintin.drake
Jaquan,Huber,7/12/88,jaquan.huber
Kash,Ho,2/14/89,kash.ho
Ada,Marks,4/2/90,ada.marks
Jovan,Russo,1/11/91,jovan.russo
Felipe,Roach,7/29/93,felipe.roach
Hadley,Riggs,8/9/95,hadley.riggs
Athena,Mcdaniel,12/26/58,athena.mcdaniel
Halle,Mclean,10/20/61,halle.mclean
Carl,Kramer,11/24/61,carl.kramer
Emely,Riley,4/15/64,emely.riley
Kyleigh,Miller,1/22/65,kyleigh.miller
Kellen,Mcfarland,2/8/65,kellen.mcfarland
Marina,Kidd,2/10/65,marina.kidd
Trenton,Leblanc,10/14/65,trenton.leblanc
Cash,Murillo,8/24/70,cash.murillo
Gunner,Moss,6/18/71,gunner.moss
Veronica,Fletcher,9/16/71,veronica.fletcher
Landin,Wolfe,7/4/72,landin.wolfe
Clarence,Keller,9/27/74,clarence.keller
Anton,Barron,11/5/74,anton.barron
Mikaela,Wise,11/4/80,mikaela.wise
Jonas,Torres,3/30/84,jonas.torres
Claudia,Spears,8/22/85,claudia.spears
Mikayla,Torres,10/17/85,mikayla.torres
Alaina,Mcneil,7/22/86,alaina.mcneil
Zain,Noble,7/12/88,zain.noble
Remington,Miles,2/14/89,remington.miles
Lilian,Rogers,4/2/90,lilian.rogers
Madison,Humphrey,1/11/91,madison.humphrey
Chasity,Avila,7/29/93,chasity.avila
Summer,Cochran,8/9/95,summer.cochran
Laylah,Wiggins,12/26/58,laylah.wiggins
Sonia,Simmons,10/20/61,sonia.simmons
Justice,Becker,11/24/61,justice.becker
Abigayle,Villarreal,4/15/64,abigayle.villarreal
Kaliyah,Gardner,1/22/65,kaliyah.gardner
Frankie,Watkins,2/8/65,frankie.watkins
Phoebe,Irwin,2/10/65,phoebe.irwin
Brenden,Griffith,10/14/65,brenden.griffith
Jocelyn,Schmitt,8/24/70,jocelyn.schmitt
Brooklynn,Cooley,6/18/71,brooklynn.cooley
Moses,Foster,9/16/71,moses.foster
Caroline,Ross,7/4/72,caroline.ross
Kendra,Gutierrez,9/27/74,kendra.gutierrez
Madilynn,Bruce,11/5/74,madilynn.bruce
Elle,Zamora,11/4/80,elle.zamora
Amiyah,Allen,3/30/84,amiyah.allen
Alberto,Bailey,8/22/85,alberto.bailey
Jamya,Evans,10/17/85,jamya.evans
Maritza,Tran,7/22/86,maritza.tran
Alice,French,7/12/88,alice.french
Darwin,Sellers,2/14/89,darwin.sellers
Shayla,Bolton,4/2/90,shayla.bolton
Jean,Glenn,1/11/91,jean.glenn
Rebecca,Schmidt,7/29/93,rebecca.schmidt
Luis,Patterson,8/9/95,luis.patterson
Malachi,Downs,12/26/58,malachi.downs
Dax,Mullen,10/20/61,dax.mullen
Olive,Wagner,11/24/61,olive.wagner
Reese,Yoder,4/15/64,reese.yoder
Tatiana,Wilson,1/22/65,tatiana.wilson
Kaiya,Grimes,2/8/65,kaiya.grimes
Aaliyah,Bullock,2/10/65,aaliyah.bullock
Boston,Clements,10/14/65,boston.clements
Aracely,Burton,8/24/70,aracely.burton
Kara,Best,6/18/71,kara.best
Kenyon,English,9/16/71,kenyon.english
Bruno,Hurley,7/4/72,bruno.hurley
Bryce,Wells,9/27/74,bryce.wells
Haylie,Burton,11/5/74,haylie.burton
Violet,Barnes,11/4/80,violet.barnes
Elaina,Gates,3/30/84,elaina.gates
Giada,Rivas,8/22/85,giada.rivas
Cory,Oneill,10/17/85,cory.oneill
Kenya,Poole,7/22/86,kenya.poole
Corbin,Mills,7/12/88,corbin.mills
Dashawn,Chambers,2/14/89,dashawn.chambers
Leslie,Haas,4/2/90,leslie.haas
Kaelyn,Zuniga,1/11/91,kaelyn.zuniga
Ana,Lewis,7/29/93,ana.lewis
Laylah,Huff,8/9/95,laylah.huff
Kian,Meyer,12/26/58,kian.meyer
Jayden,Mccall,10/20/61,jayden.mccall
Catherine,Cobb,11/24/61,catherine.cobb
Aden,Townsend,4/15/64,aden.townsend
Diana,Graham,1/22/65,diana.graham
Luciana,Bryant,2/8/65,luciana.bryant
Micah,Orr,2/10/65,micah.orr
Danica,Medina,10/14/65,danica.medina
Aryana,Nolan,8/24/70,aryana.nolan
Alexzander,Allison,6/18/71,alexzander.allison
Gage,Walsh,9/16/71,gage.walsh
Sanaa,Branch,7/4/72,sanaa.branch
Kelton,Hendrix,9/27/74,kelton.hendrix
Finley,Griffin,11/5/74,finley.griffin
Jayson,Perry,11/4/80,jayson.perry
Ezra,Levy,3/30/84,ezra.levy
Humberto,Gibson,8/22/85,humberto.gibson
Andres,West,10/17/85,andres.west
Nico,Wise,7/22/86,nico.wise
Anton,Frey,7/12/88,anton.frey
Muhammad,Gaines,2/14/89,muhammad.gaines
Melissa,Richard,4/2/90,melissa.richard
Bentley,Sherman,1/11/91,bentley.sherman
Wayne,Giles,7/29/93,wayne.giles
Noelle,Charles,8/9/95,noelle.charles
Nathanael,Bond,12/26/58,nathanael.bond
Kennedy,Farrell,10/20/61,kennedy.farrell
Alaina,Silva,11/24/61,alaina.silva
Ezra,Conway,4/15/64,ezra.conway
Kylee,Marks,1/22/65,kylee.marks
Stacy,Jefferson,2/8/65,stacy.jefferson
Jason,Moody,2/10/65,jason.moody
Marissa,Bridges,10/14/65,marissa.bridges
Donald,Baird,8/24/70,donald.baird
Amani,Parks,6/18/71,amani.parks
Davin,Mcmahon,9/16/71,davin.mcmahon
Jayson,Harmon,7/4/72,jayson.harmon
Arnav,Oconnell,9/27/74,arnav.oconnell
Maliyah,Fitzpatrick,11/5/74,maliyah.fitzpatrick
Litzy,Riddle,11/4/80,litzy.riddle
Stephanie,Ball,3/30/84,stephanie.ball
Alexander,Rivera,8/22/85,alexander.rivera
Walker,Watkins,10/17/85,walker.watkins
Elisa,Blevins,7/22/86,elisa.blevins
Audrina,Esparza,7/12/88,audrina.esparza
Phillip,Acevedo,2/14/89,phillip.acevedo
Alexander,Fischer,4/2/90,alexander.fischer
Rey,Ramirez,1/11/91,rey.ramirez
Kaia,Campos,7/29/93,kaia.campos
Quinten,Pitts,8/9/95,quinten.pitts
Caroline,Vargas,12/26/58,caroline.vargas
Lawson,Velasquez,10/20/61,lawson.velasquez
Terrance,Matthews,11/24/61,terrance.matthews
Elisa,Nash,4/15/64,elisa.nash
Madden,Peck,1/22/65,madden.peck
Ronan,Oneill,2/8/65,ronan.oneill
Hailey,Warner,2/10/65,hailey.warner
Ivan,Gaines,10/14/65,ivan.gaines
Kingston,Combs,8/24/70,kingston.combs
Steven,Yoder,6/18/71,steven.yoder
Sonny,Ramirez,9/16/71,sonny.ramirez
Luca,Estrada,7/4/72,luca.estrada
Cherish,Mahoney,9/27/74,cherish.mahoney
Jennifer,Velasquez,11/5/74,jennifer.velasquez
Alana,Mccarthy,11/4/80,alana.mccarthy
Keshawn,Malone,3/30/84,keshawn.malone
Cierra,Arellano,8/22/85,cierra.arellano
Dashawn,Wade,10/17/85,dashawn.wade
Denisse,Shepard,7/22/86,denisse.shepard
Conor,Burton,7/12/88,conor.burton
Mareli,May,2/14/89,mareli.may
Laura,Werner,4/2/90,laura.werner
Araceli,Barr,1/11/91,araceli.barr
Braeden,Fuller,7/29/93,braeden.fuller
Alberto,Downs,8/9/95,alberto.downs
Seamus,Keller,12/26/58,seamus.keller
Lawrence,Robbins,10/20/61,lawrence.robbins
Kolby,Sampson,11/24/61,kolby.sampson
Zaiden,Savage,4/15/64,zaiden.savage
Brooks,Frost,1/22/65,brooks.frost
Monica,Pace,2/8/65,monica.pace
August,Riley,2/10/65,august.riley
Dominique,Krueger,10/14/65,dominique.krueger
Gerardo,Coleman,8/24/70,gerardo.coleman
Delilah,Hill,6/18/71,delilah.hill
Jorden,Wilkinson,9/16/71,jorden.wilkinson
Demarion,Sexton,7/4/72,demarion.sexton
Nicholas,Mayer,9/27/74,nicholas.mayer
Lia,Friedman,11/5/74,lia.friedman
Isai,Velasquez,11/4/80,isai.velasquez
Janiya,Sandoval,3/30/84,janiya.sandoval
Paloma,Ewing,8/22/85,paloma.ewing
Eliza,Orr,10/17/85,eliza.orr
Geovanni,Steele,7/22/86,geovanni.steele
Erica,Kirk,7/12/88,erica.kirk
Norah,Berger,2/14/89,norah.berger
Alena,Hartman,4/2/90,alena.hartman
Anahi,Greer,1/11/91,anahi.greer
Camren,Gregory,7/29/93,camren.gregory
Angelo,Moss,8/9/95,angelo.moss
Brenton,Higgins,12/26/58,brenton.higgins
Kaylynn,Roman,10/20/61,kaylynn.roman
Hugo,Vance,11/24/61,hugo.vance
Deacon,Moody,4/15/64,deacon.moody
Israel,Barton,1/22/65,israel.barton
Eileen,Singleton,2/8/65,eileen.singleton
Tyler,Burton,2/10/65,tyler.burton
Karson,Hansen,10/14/65,karson.hansen
Keyon,Frey,8/24/70,keyon.frey
Caleb,Steele,6/18/71,caleb.steele
Lilianna,Johns,9/16/71,lilianna.johns
Wesley,Shepherd,7/4/72,wesley.shepherd
Saniya,Le,9/27/74,saniya.le
Tobias,Fritz,11/5/74,tobias.fritz
Amber,Frey,11/4/80,amber.frey
Makaila,Flores,3/30/84,makaila.flores
Emilia,Beasley,8/22/85,emilia.beasley
Jakobe,Hancock,10/17/85,jakobe.hancock
Preston,Burch,7/22/86,preston.burch
Theresa,Lutz,7/12/88,theresa.lutz
Kael,Payne,2/14/89,kael.payne
Aleah,Peters,4/2/90,aleah.peters
Lance,Burton,1/11/91,lance.burton
Brayan,Briggs,7/29/93,brayan.briggs
Kristian,Gould,8/9/95,kristian.gould
Olive,Sweeney,12/26/58,olive.sweeney
Rosa,Harding,10/20/61,rosa.harding
Madalyn,Fernandez,11/24/61,madalyn.fernandez
Tristin,Moreno,4/15/64,tristin.moreno
Hailie,Stuart,1/22/65,hailie.stuart
Briana,Clayton,2/8/65,briana.clayton
Nataly,Mcclure,2/10/65,nataly.mcclure
Jazmin,Boone,10/14/65,jazmin.boone
Darion,Glover,8/24/70,darion.glover
Anahi,Mayo,6/18/71,anahi.mayo
Lizbeth,Robles,9/16/71,lizbeth.robles
Aniyah,Juarez,7/4/72,aniyah.juarez
Leilani,Harrington,9/27/74,leilani.harrington
Claire,Costa,11/5/74,claire.costa
Kaylynn,Paul,11/4/80,kaylynn.paul
Jacob,Whitney,3/30/84,jacob.whitney
Micaela,Joseph,8/22/85,micaela.joseph
Izabella,Poole,10/17/85,izabella.poole
Finn,Clayton,7/22/86,finn.clayton
Lauryn,Baird,7/12/88,lauryn.baird
Magdalena,Cameron,2/14/89,magdalena.cameron
Celeste,Buchanan,4/2/90,celeste.buchanan
Silas,Murphy,1/11/91,silas.murphy
Yuliana,Hampton,7/29/93,yuliana.hampton
Eva,Gutierrez,8/9/95,eva.gutierrez
Vaughn,House,12/26/58,vaughn.house
Whitney,Nelson,10/20/61,whitney.nelson
Ryleigh,Barron,11/24/61,ryleigh.barron
Braeden,Carter,4/15/64,braeden.carter
Kale,Patton,1/22/65,kale.patton
Camilla,Wu,2/8/65,camilla.wu
Jade,Dorsey,2/10/65,jade.dorsey
Taliyah,Bright,10/14/65,taliyah.bright
Ramon,Good,8/24/70,ramon.good
Guillermo,Cantrell,6/18/71,guillermo.cantrell
Lyla,Maxwell,9/16/71,lyla.maxwell
Kaya,Frank,7/4/72,kaya.frank
Sidney,Cook,9/27/74,sidney.cook
Amy,Travis,11/5/74,amy.travis
Kamila,Montgomery,11/4/80,kamila.montgomery
Talan,Bradshaw,3/30/84,talan.bradshaw
Fletcher,Miles,8/22/85,fletcher.miles
Deon,Rose,10/17/85,deon.rose
Saniya,Mccullough,7/22/86,saniya.mccullough
Efrain,Morris,7/12/88,efrain.morris
Mckayla,Hodge,2/14/89,mckayla.hodge
Jenna,Hanson,4/2/90,jenna.hanson
Remington,Donovan,1/11/91,remington.donovan
Jazmin,Peck,7/29/93,jazmin.peck
Dereon,Love,8/9/95,dereon.love
Victoria,Vang,12/26/58,victoria.vang
Eliezer,Reese,10/20/61,eliezer.reese
Taniya,Kerr,11/24/61,taniya.kerr
Melanie,Ward,4/15/64,melanie.ward
Mylie,Dickerson,1/22/65,mylie.dickerson
Krish,Rich,2/8/65,krish.rich
Keely,Carrillo,2/10/65,keely.carrillo
Damion,Wilkinson,10/14/65,damion.wilkinson
Salvatore,Harvey,8/24/70,salvatore.harvey
Dayana,Marshall,6/18/71,dayana.marshall
Clayton,Dean,9/16/71,clayton.dean
Roselyn,Harper,7/4/72,roselyn.harper
Cassius,Miranda,9/27/74,cassius.miranda
Natalia,Kirby,11/5/74,natalia.kirby
Rafael,Hampton,11/4/80,rafael.hampton
William,Hanson,3/30/84,william.hanson
Aron,Krueger,8/22/85,aron.krueger
Tyrone,Burton,10/17/85,tyrone.burton
Hope,Gaines,7/22/86,hope.gaines
Darrell,Frey,7/12/88,darrell.frey
Perla,Roy,2/14/89,perla.roy
Nathalia,Le,4/2/90,nathalia.le
June,Hanson,1/11/91,june.hanson
Skyla,Estes,7/29/93,skyla.estes
Joslyn,Klein,8/9/95,joslyn.klein
Dillan,Waters,12/26/58,dillan.waters
Hugo,Marquez,10/20/61,hugo.marquez
Emery,Nicholson,11/24/61,emery.nicholson
Dominic,Sherman,4/15/64,dominic.sherman
Valentina,Russo,1/22/65,valentina.russo
Kadyn,Valencia,2/8/65,kadyn.valencia
Memphis,Powers,2/10/65,memphis.powers
Halle,Suarez,10/14/65,halle.suarez
Frank,Whitehead,8/24/70,frank.whitehead
Jakayla,Bishop,6/18/71,jakayla.bishop
Kristina,Knox,9/16/71,kristina.knox
Ashly,Sloan,7/4/72,ashly.sloan
Angel,Mitchell,9/27/74,angel.mitchell
Chris,Horn,11/5/74,chris.horn
Jessica,Franklin,11/4/80,jessica.franklin
Eliana,Schmitt,3/30/84,eliana.schmitt
Amari,Craig,8/22/85,amari.craig
Chaim,Copeland,10/17/85,chaim.copeland
Dallas,Payne,7/22/86,dallas.payne
Riley,Ware,7/12/88,riley.ware
Enrique,Hodges,2/14/89,enrique.hodges
Jocelynn,Harrington,4/2/90,jocelynn.harrington
Braylon,Austin,1/11/91,braylon.austin
Tori,Mcgrath,7/29/93,tori.mcgrath
Maribel,Everett,8/9/95,maribel.everett
Gabriela,Williamson,12/26/58,gabriela.williamson
Yuliana,Ashley,10/20/61,yuliana.ashley
Cyrus,Waller,11/24/61,cyrus.waller
Vance,Marsh,4/15/64,vance.marsh
Kenna,Chen,1/22/65,kenna.chen
Lillian,Mcdonald,2/8/65,lillian.mcdonald
Gemma,Bates,2/10/65,gemma.bates
Rolando,Sawyer,10/14/65,rolando.sawyer
Ruby,Dixon,8/24/70,ruby.dixon
Hanna,Ho,6/18/71,hanna.ho
Benjamin,Adams,9/16/71,benjamin.adams
Marques,Henderson,7/4/72,marques.henderson
Connor,Hogan,9/27/74,connor.hogan
Amelia,Glass,11/5/74,amelia.glass
Marely,Stephenson,11/4/80,marely.stephenson
Marlee,Reyes,3/30/84,marlee.reyes
Brett,Ferguson,8/22/85,brett.ferguson
Shayna,Zhang,10/17/85,shayna.zhang
Alberto,Richmond,7/22/86,alberto.richmond
Lauren,Barton,7/12/88,lauren.barton
Jeremiah,Fleming,2/14/89,jeremiah.fleming
Livia,Bentley,4/2/90,livia.bentley
Amelia,Noble,1/11/91,amelia.noble
Joaquin,Duran,7/29/93,joaquin.duran
Jasiah,Pittman,8/9/95,jasiah.pittman
Sarah,Hester,12/26/58,sarah.hester
Shyanne,Garza,10/20/61,shyanne.garza
Christian,Gibson,11/24/61,christian.gibson
Landon,Manning,4/15/64,landon.manning
Tanner,Maddox,1/22/65,tanner.maddox
Coby,Foley,2/8/65,coby.foley
Johnathan,Booker,2/10/65,johnathan.booker
Mila,Schmidt,10/14/65,mila.schmidt
Yadiel,Leblanc,8/24/70,yadiel.leblanc
Brooks,Best,6/18/71,brooks.best
Sofia,Irwin,9/16/71,sofia.irwin
Greyson,Moran,7/4/72,greyson.moran
Cortez,Hickman,9/27/74,cortez.hickman
Kendrick,Perkins,11/5/74,kendrick.perkins
Casey,Randall,11/4/80,casey.randall
Maleah,Cox,3/30/84,maleah.cox
Ximena,Andrews,8/22/85,ximena.andrews
Leland,Beasley,10/17/85,leland.beasley
Emilie,Sawyer,7/22/86,emilie.sawyer
Adyson,Ray,7/12/88,adyson.ray
Kamren,Yang,2/14/89,kamren.yang
Laurel,Gould,4/2/90,laurel.gould
Valeria,Curry,1/11/91,valeria.curry
Clare,Ryan,7/29/93,clare.ryan
Kailey,Shaw,8/9/95,kailey.shaw
Donovan,Hodges,12/26/58,donovan.hodges
Hezekiah,Wu,10/20/61,hezekiah.wu
Nataly,Johnson,11/24/61,nataly.johnson
Kaila,Haas,4/15/64,kaila.haas
Rocco,Solomon,1/22/65,rocco.solomon
Jamya,Guerra,2/8/65,jamya.guerra
Kameron,Waters,2/10/65,kameron.waters
Nicholas,Stout,10/14/65,nicholas.stout
Megan,Delacruz,8/24/70,megan.delacruz
Ian,Moon,6/18/71,ian.moon
Daniela,Allison,9/16/71,daniela.allison
Barbara,Vazquez,7/4/72,barbara.vazquez
Theodore,Mora,9/27/74,theodore.mora
Essence,Poole,11/5/74,essence.poole
Jakob,Holder,11/4/80,jakob.holder
Annabelle,Poole,3/30/84,annabelle.poole
Kaley,Hogan,8/22/85,kaley.hogan
Kenna,Hines,10/17/85,kenna.hines
Orlando,Willis,7/22/86,orlando.willis
Irene,Dickson,7/12/88,irene.dickson
Laylah,Woodard,2/14/89,laylah.woodard
Jase,Chaney,4/2/90,jase.chaney
Lina,Clarke,1/11/91,lina.clarke
Mekhi,Obrien,7/29/93,mekhi.obrien
Ronnie,Petty,8/9/95,ronnie.petty
Romeo,Baird,12/26/58,romeo.baird
Larry,Cantu,10/20/61,larry.cantu
Teagan,Freeman,11/24/61,teagan.freeman
Madelynn,Rangel,4/15/64,madelynn.rangel
Kiara,Wade,1/22/65,kiara.wade
Keaton,Stevenson,2/8/65,keaton.stevenson
June,Tucker,2/10/65,june.tucker
Hazel,Donovan,10/14/65,hazel.donovan
Adan,Mejia,8/24/70,adan.mejia
Michaela,Faulkner,6/18/71,michaela.faulkner
Viviana,Calderon,9/16/71,viviana.calderon
Shea,Sharp,7/4/72,shea.sharp
Penelope,Martin,9/27/74,penelope.martin
Angeline,Brooks,11/5/74,angeline.brooks
Jayleen,Cole,11/4/80,jayleen.cole
Maxim,Hodge,3/30/84,maxim.hodge
Angeline,Ramirez,8/22/85,angeline.ramirez
Carlo,Meyer,10/17/85,carlo.meyer
Julian,Mitchell,7/22/86,julian.mitchell
Aden,Goodman,7/12/88,aden.goodman
Sydnee,Foley,2/14/89,sydnee.foley
Jaydon,James,4/2/90,jaydon.james
Randall,Carr,1/11/91,randall.carr
Jaxson,Thornton,7/29/93,jaxson.thornton
Audrey,Crawford,8/9/95,audrey.crawford
Zachary,Harmon,12/26/58,zachary.harmon
Bruno,Nolan,10/20/61,bruno.nolan
Kinley,Santana,11/24/61,kinley.santana
Cecelia,Decker,4/15/64,cecelia.decker
Billy,Mckinney,1/22/65,billy.mckinney
Madison,Figueroa,2/8/65,madison.figueroa
Ashly,Williams,2/10/65,ashly.williams
Kylan,Pearson,10/14/65,kylan.pearson
Nola,Williamson,8/24/70,nola.williamson
Jamal,Gay,6/18/71,jamal.gay
Molly,Huang,9/16/71,molly.huang
Aiyana,Baxter,7/4/72,aiyana.baxter
Conrad,Mcmillan,9/27/74,conrad.mcmillan
Luka,Watts,11/5/74,luka.watts
Luis,Meadows,11/4/80,luis.meadows
Coleman,Walters,3/30/84,coleman.walters
Yadira,Barber,8/22/85,yadira.barber
Jamarion,Beck,10/17/85,jamarion.beck
Izabelle,Ellis,7/22/86,izabelle.ellis
Kenneth,Coffey,7/12/88,kenneth.coffey
Vaughn,Mercado,2/14/89,vaughn.mercado
Mckayla,Bishop,4/2/90,mckayla.bishop
Braiden,Leonard,1/11/91,braiden.leonard
Patrick,Gallegos,7/29/93,patrick.gallegos
Zack,Duarte,8/9/95,zack.duarte
Ariana,Prince,12/26/58,ariana.prince
Aryan,Frederick,10/20/61,aryan.frederick
Zachariah,Durham,11/24/61,zachariah.durham
Joseph,Shea,4/15/64,joseph.shea
Uriah,Rosario,1/22/65,uriah.rosario
Anabel,Harvey,2/8/65,anabel.harvey
Owen,Gaines,2/10/65,owen.gaines
Aidyn,Aguirre,10/14/65,aidyn.aguirre
Patience,Irwin,8/24/70,patience.irwin
Jefferson,Esparza,6/18/71,jefferson.esparza
Grant,Moss,9/16/71,grant.moss
Branden,Vasquez,7/4/72,branden.vasquez
Bryce,Perkins,9/27/74,bryce.perkins
Zain,Duffy,11/5/74,zain.duffy
Isaac,Mitchell,11/4/80,isaac.mitchell
Gretchen,Mcintosh,3/30/84,gretchen.mcintosh
Terrance,Bean,8/22/85,terrance.bean
Meadow,Huang,10/17/85,meadow.huang
Khloe,Blackwell,7/22/86,khloe.blackwell
Mariela,Landry,7/12/88,mariela.landry
Shayna,Frederick,2/14/89,shayna.frederick
Valentina,Wheeler,4/2/90,valentina.wheeler
Jose,Carpenter,1/11/91,jose.carpenter
Aspen,Parker,7/29/93,aspen.parker
Krystal,Alvarez,8/9/95,krystal.alvarez
Donald,Church,12/26/58,donald.church
Frances,Church,10/20/61,frances.church
Valentin,Hanson,11/24/61,valentin.hanson
Lola,Ellison,4/15/64,lola.ellison
Jeramiah,Sharp,1/22/65,jeramiah.sharp
Randall,Rios,2/8/65,randall.rios
Isabel,Hensley,2/10/65,isabel.hensley
Rosemary,Pruitt,10/14/65,rosemary.pruitt
Jace,Paul,8/24/70,jace.paul
Talia,Oneill,6/18/71,talia.oneill
Ismael,Maxwell,9/16/71,ismael.maxwell
Lorenzo,Hanna,7/4/72,lorenzo.hanna
Turner,Flowers,9/27/74,turner.flowers
Nikolas,Hill,11/5/74,nikolas.hill
Melina,Price,11/4/80,melina.price
Marquise,Ayala,3/30/84,marquise.ayala
Maria,Valdez,8/22/85,maria.valdez
Sharon,Schaefer,10/17/85,sharon.schaefer
Nikhil,Carter,7/22/86,nikhil.carter
Azul,Callahan,7/12/88,azul.callahan
Karina,Murillo,2/14/89,karina.murillo
Omari,Garcia,4/2/90,omari.garcia
Yael,Mcgee,1/11/91,yael.mcgee
Chad,Hammond,7/29/93,chad.hammond
Josh,Peck,8/9/95,josh.peck
Kadyn,Colon,12/26/58,kadyn.colon
Izayah,Logan,10/20/61,izayah.logan
Kira,Ray,11/24/61,kira.ray
Savannah,Stark,4/15/64,savannah.stark
Turner,Delgado,1/22/65,turner.delgado
Valeria,Bender,2/8/65,valeria.bender
Neveah,Harding,2/10/65,neveah.harding
Jadyn,Gonzalez,10/14/65,jadyn.gonzalez
Calvin,Haley,8/24/70,calvin.haley
Jarrett,Levy,6/18/71,jarrett.levy
Julius,Reese,9/16/71,julius.reese
Maribel,Maynard,7/4/72,maribel.maynard
Dante,Rivera,9/27/74,dante.rivera
Luna,Reed,11/5/74,luna.reed
Pablo,Powers,11/4/80,pablo.powers
Kiera,Graham,3/30/84,kiera.graham
Julius,Duarte,8/22/85,julius.duarte
Jamarcus,Shaw,10/17/85,jamarcus.shaw
Georgia,Olsen,7/22/86,georgia.olsen
Kole,Lopez,7/12/88,kole.lopez
Kianna,Bryan,2/14/89,kianna.bryan
Jayvion,Jefferson,4/2/90,jayvion.jefferson
Sabrina,Ramirez,1/11/91,sabrina.ramirez
Amaya,Whitney,7/29/93,amaya.whitney
Jaylin,Riggs,8/9/95,jaylin.riggs
Enrique,Giles,12/26/58,enrique.giles
Max,Bennett,10/20/61,max.bennett
Danielle,Gordon,11/24/61,danielle.gordon
Alanna,Jacobs,4/15/64,alanna.jacobs
Cooper,Caldwell,1/22/65,cooper.caldwell
Ezekiel,Manning,2/8/65,ezekiel.manning
Lilly,Spears,2/10/65,lilly.spears
Jaylon,Hogan,10/14/65,jaylon.hogan
Amanda,Burns,8/24/70,amanda.burns
Sidney,Green,6/18/71,sidney.green
Jaydan,Osborn,9/16/71,jaydan.osborn
Deven,Malone,7/4/72,deven.malone
Rowan,Frye,9/27/74,rowan.frye
Rory,James,11/5/74,rory.james
Lacey,Wu,11/4/80,lacey.wu
Reed,Solis,3/30/84,reed.solis
Zion,Nixon,8/22/85,zion.nixon
Kristina,Watts,10/17/85,kristina.watts
Mohammed,Gardner,7/22/86,mohammed.gardner
Lincoln,Pollard,7/12/88,lincoln.pollard
Ricardo,Ford,2/14/89,ricardo.ford
Jaslyn,Phillips,4/2/90,jaslyn.phillips
Carolyn,Summers,1/11/91,carolyn.summers
Amiah,York,7/29/93,amiah.york
Rachael,Pitts,8/9/95,rachael.pitts
Anne,Villa,12/26/58,anne.villa
Paige,Larsen,10/20/61,paige.larsen
Malia,Morse,11/24/61,malia.morse
Jessica,Owens,4/15/64,jessica.owens
Cesar,Henson,1/22/65,cesar.henson
Sophie,Mcgee,2/8/65,sophie.mcgee
Morgan,Padilla,2/10/65,morgan.padilla
Abbey,Davila,10/14/65,abbey.davila
Leland,Mays,8/24/70,leland.mays
Slade,Foster,6/18/71,slade.foster
Aniyah,Berger,9/16/71,aniyah.berger
Madilyn,Delacruz,7/4/72,madilyn.delacruz
Joyce,Sellers,9/27/74,joyce.sellers
Demarcus,Randall,11/5/74,demarcus.randall
Joselyn,Meadows,11/4/80,joselyn.meadows
Soren,Haney,3/30/84,soren.haney
Luciana,Ballard,8/22/85,luciana.ballard
Lindsey,Hickman,10/17/85,lindsey.hickman
Barrett,Fields,7/22/86,barrett.fields
Keshawn,Pruitt,7/12/88,keshawn.pruitt
Alexis,Jimenez,2/14/89,alexis.jimenez
Nehemiah,Griffin,4/2/90,nehemiah.griffin
Jason,Mosley,1/11/91,jason.mosley
Karen,Townsend,7/29/93,karen.townsend
Isis,Wilkins,8/9/95,isis.wilkins
Jordan,Atkins,12/26/58,jordan.atkins
Armando,Snow,10/20/61,armando.snow
Mario,Yu,11/24/61,mario.yu
Shea,Gillespie,4/15/64,shea.gillespie
Isai,Maxwell,1/22/65,isai.maxwell
Bryce,Reese,2/8/65,bryce.reese
Paola,Thomas,2/10/65,paola.thomas
Aimee,Blair,10/14/65,aimee.blair
Adan,Buck,8/24/70,adan.buck
Elisabeth,Clements,6/18/71,elisabeth.clements
Lyric,Trevino,9/16/71,lyric.trevino
Edward,Boyle,7/4/72,edward.boyle
Mary,Santana,9/27/74,mary.santana
Korbin,Thornton,11/5/74,korbin.thornton
Skye,Armstrong,11/4/80,skye.armstrong
Addison,Kelley,3/30/84,addison.kelley
Kaeden,Parks,8/22/85,kaeden.parks
Darren,Reilly,10/17/85,darren.reilly
Seamus,Ballard,7/22/86,seamus.ballard
Meredith,Fry,7/12/88,meredith.fry
Dayanara,Spencer,2/14/89,dayanara.spencer
Ronin,Mack,4/2/90,ronin.mack
Lyla,Shepard,1/11/91,lyla.shepard
Kevin,Marks,7/29/93,kevin.marks
Teagan,Reeves,8/9/95,teagan.reeves
Caroline,Proctor,12/26/58,caroline.proctor
Marianna,Booker,10/20/61,marianna.booker
Gaige,Myers,11/24/61,gaige.myers
Isis,Rosario,4/15/64,isis.rosario
Albert,Gregory,1/22/65,albert.gregory
Virginia,Vincent,2/8/65,virginia.vincent
Cale,Gay,2/10/65,cale.gay
Karli,Turner,10/14/65,karli.turner
Shamar,Krause,8/24/70,shamar.krause
Haylie,Ponce,6/18/71,haylie.ponce
Aileen,Mcdowell,9/16/71,aileen.mcdowell
Kathy,Marquez,7/4/72,kathy.marquez
Ciara,Schultz,9/27/74,ciara.schultz
Annabel,Rosario,11/5/74,annabel.rosario
Konner,Mcdonald,11/4/80,konner.mcdonald
Lexie,Faulkner,3/30/84,lexie.faulkner
Karen,Lowe,8/22/85,karen.lowe
Monica,Rodgers,10/17/85,monica.rodgers
Kamren,Wilcox,7/22/86,kamren.wilcox
Aryanna,Vargas,7/12/88,aryanna.vargas
Brynlee,Oneal,2/14/89,brynlee.oneal
Devan,Price,4/2/90,devan.price
Maia,Mccormick,1/11/91,maia.mccormick
Anabella,Franklin,7/29/93,anabella.franklin
Beatrice,Malone,8/9/95,beatrice.malone
Brendan,Miranda,12/26/58,brendan.miranda
Faith,Welch,10/20/61,faith.welch
Amaris,Brooks,11/24/61,amaris.brooks
Semaj,Lara,4/15/64,semaj.lara
Lesly,Jefferson,1/22/65,lesly.jefferson
Andreas,Moreno,2/8/65,andreas.moreno
Krystal,Wolf,2/10/65,krystal.wolf
Zaiden,Reyes,10/14/65,zaiden.reyes
Simone,Davidson,8/24/70,simone.davidson
Cohen,Ramsey,6/18/71,cohen.ramsey
Jalen,Soto,9/16/71,jalen.soto
Sidney,Hinton,7/4/72,sidney.hinton
Cindy,Fitzpatrick,9/27/74,cindy.fitzpatrick
Kate,Mooney,11/5/74,kate.mooney
Wilson,Newton,11/4/80,wilson.newton
Deegan,Cooper,3/30/84,deegan.cooper
Jovan,Barnett,8/22/85,jovan.barnett
Jared,Richard,10/17/85,jared.richard
Brett,Ballard,7/22/86,brett.ballard
Cael,Hunter,7/12/88,cael.hunter
Nelson,Gibbs,2/14/89,nelson.gibbs
Nathanial,Deleon,4/2/90,nathanial.deleon
Nia,Frost,1/11/91,nia.frost
Piper,Rich,7/29/93,piper.rich
Coby,Burgess,8/9/95,coby.burgess
Roselyn,Cardenas,12/26/58,roselyn.cardenas
Sterling,Carson,10/20/61,sterling.carson
Shayla,Vargas,11/24/61,shayla.vargas
Gage,Harmon,4/15/64,gage.harmon
Desiree,Burton,1/22/65,desiree.burton
Waylon,Whitehead,2/8/65,waylon.whitehead
Angel,Sheppard,2/10/65,angel.sheppard
Mauricio,Calderon,10/14/65,mauricio.calderon
Maximilian,Mccullough,8/24/70,maximilian.mccullough
Heather,Mills,6/18/71,heather.mills
Roman,Douglas,9/16/71,roman.douglas
Adison,Campos,7/4/72,adison.campos
Lailah,Pennington,9/27/74,lailah.pennington
Dalton,Saunders,11/5/74,dalton.saunders
Beatrice,Wolf,11/4/80,beatrice.wolf
Amiya,Woodward,3/30/84,amiya.woodward
Walker,Gonzales,8/22/85,walker.gonzales
Allyson,Carrillo,10/17/85,allyson.carrillo
Madeline,Levy,7/22/86,madeline.levy
Ann,Holland,7/12/88,ann.holland
Reagan,Riddle,2/14/89,reagan.riddle
Margaret,Pruitt,4/2/90,margaret.pruitt
Brynn,Foster,1/11/91,brynn.foster
Kallie,Lloyd,7/29/93,kallie.lloyd
Nicolas,Blackwell,8/9/95,nicolas.blackwell
Conrad,Ali,12/26/58,conrad.ali
Rocco,Arias,10/20/61,rocco.arias
Khalil,Campos,11/24/61,khalil.campos
Billy,Cooley,4/15/64,billy.cooley
Elias,Clements,1/22/65,elias.clements
Isla,Rose,2/8/65,isla.rose
Alayna,Ramos,2/10/65,alayna.ramos
Ellen,Payne,10/14/65,ellen.payne
Kendal,Rodriguez,8/24/70,kendal.rodriguez
Annalise,Mathews,6/18/71,annalise.mathews
Cash,Vargas,9/16/71,cash.vargas
Chanel,Ingram,7/4/72,chanel.ingram
Trenton,Coleman,9/27/74,trenton.coleman
Beau,Ellis,11/5/74,beau.ellis
Kaylyn,West,11/4/80,kaylyn.west
Kareem,Pruitt,3/30/84,kareem.pruitt
Madilynn,Salinas,8/22/85,madilynn.salinas
Addison,Arnold,10/17/85,addison.arnold
Jaylyn,Durham,7/22/86,jaylyn.durham
Audrina,Macdonald,7/12/88,audrina.macdonald
Aliza,Moon,2/14/89,aliza.moon
Rhianna,Cruz,4/2/90,rhianna.cruz
Adan,Proctor,1/11/91,adan.proctor
Ari,Hansen,7/29/93,ari.hansen
Angie,Bautista,8/9/95,angie.bautista
Dawson,Gilbert,12/26/58,dawson.gilbert
Marianna,Santiago,10/20/61,marianna.santiago
Frida,Hurley,11/24/61,frida.hurley
Tamia,Bowers,4/15/64,tamia.bowers
Rose,Hatfield,1/22/65,rose.hatfield
Amelie,Wise,2/8/65,amelie.wise
Ali,Zavala,2/10/65,ali.zavala
Mollie,Mcintyre,10/14/65,mollie.mcintyre
Marquis,Carson,8/24/70,marquis.carson
Miriam,Lawrence,6/18/71,miriam.lawrence
Terrence,Burton,9/16/71,terrence.burton
Violet,Arias,7/4/72,violet.arias
Kenneth,Gates,9/27/74,kenneth.gates
Seamus,Short,11/5/74,seamus.short
Livia,Harvey,11/4/80,livia.harvey
Ahmad,Brennan,3/30/84,ahmad.brennan
Krystal,Armstrong,8/22/85,krystal.armstrong
Kole,Sanchez,10/17/85,kole.sanchez
Niko,Humphrey,7/22/86,niko.humphrey
Maya,Mendoza,7/12/88,maya.mendoza
Jerimiah,Bird,2/14/89,jerimiah.bird
Walker,Mueller,4/2/90,walker.mueller
Ryan,Ferguson,1/11/91,ryan.ferguson
Chelsea,Rowe,7/29/93,chelsea.rowe
Krish,Norris,8/9/95,krish.norris
Howard,Ayers,12/26/58,howard.ayers
Arthur,Rivers,10/20/61,arthur.rivers
Rihanna,Mendoza,11/24/61,rihanna.mendoza
Cailyn,Good,4/15/64,cailyn.good
Reginald,Woodard,1/22/65,reginald.woodard
Abbey,Weaver,2/8/65,abbey.weaver
Kailey,Costa,2/10/65,kailey.costa
Laurel,Duncan,10/14/65,laurel.duncan
Breanna,Christensen,8/24/70,breanna.christensen
Jaslyn,Johns,6/18/71,jaslyn.johns
Laura,Griffith,9/16/71,laura.griffith
Tyshawn,Thompson,7/4/72,tyshawn.thompson
Eliza,Vazquez,9/27/74,eliza.vazquez
Calvin,Bush,11/5/74,calvin.bush
Hope,Heath,11/4/80,hope.heath
Reese,Johnston,3/30/84,reese.johnston
Mark,Fletcher,8/22/85,mark.fletcher
Taryn,Daniels,10/17/85,taryn.daniels
Griffin,Schmitt,7/22/86,griffin.schmitt
Darrell,Sherman,7/12/88,darrell.sherman
Ronald,Delacruz,2/14/89,ronald.delacruz
Shiloh,Craig,4/2/90,shiloh.craig
Brody,Becker,1/11/91,brody.becker
Lesly,Petty,7/29/93,lesly.petty
Akira,Holden,8/9/95,akira.holden
Jovanny,Cherry,12/26/58,jovanny.cherry
Gunnar,Rodriguez,10/20/61,gunnar.rodriguez
Moses,Ramsey,11/24/61,moses.ramsey
Avah,Lamb,4/15/64,avah.lamb
Jamiya,Hogan,1/22/65,jamiya.hogan
Arturo,Pena,2/8/65,arturo.pena
Nyla,Guzman,2/10/65,nyla.guzman
Andy,Kane,10/14/65,andy.kane
Micah,Barnett,8/24/70,micah.barnett
Chandler,Riley,6/18/71,chandler.riley
Janae,Ellison,9/16/71,janae.ellison
Uriel,Everett,7/4/72,uriel.everett
Jaylen,Marquez,9/27/74,jaylen.marquez
Anahi,Shelton,11/5/74,anahi.shelton
Shayla,Dunn,11/4/80,shayla.dunn
Kasey,Palmer,3/30/84,kasey.palmer
Ashley,Jones,8/22/85,ashley.jones
Xiomara,Simpson,10/17/85,xiomara.simpson
Bryson,Powers,7/22/86,bryson.powers
Jaylee,Garrison,7/12/88,jaylee.garrison
Kiara,Sampson,2/14/89,kiara.sampson
Braxton,Fuller,4/2/90,braxton.fuller
Kenley,Cox,1/11/91,kenley.cox
Kareem,Short,7/29/93,kareem.short
Triston,Garner,8/9/95,triston.garner
Roderick,Pruitt,12/26/58,roderick.pruitt
Marcelo,Gross,10/20/61,marcelo.gross
Skylar,Maldonado,11/24/61,skylar.maldonado
Tyrell,Holder,4/15/64,tyrell.holder
Cyrus,Livingston,1/22/65,cyrus.livingston
Kareem,Lam,2/8/65,kareem.lam
Kallie,Love,2/10/65,kallie.love
Jack,English,10/14/65,jack.english
Troy,Rivas,8/24/70,troy.rivas
Leticia,Vargas,6/18/71,leticia.vargas
King,Conrad,9/16/71,king.conrad
Aleena,Vang,7/4/72,aleena.vang
Guadalupe,Holden,9/27/74,guadalupe.holden
Chana,Ingram,11/5/74,chana.ingram
Carly,Goodman,11/4/80,carly.goodman
Vivian,Cabrera,3/30/84,vivian.cabrera
Simeon,Cole,8/22/85,simeon.cole
Jayda,Ware,10/17/85,jayda.ware
Nadia,Sandoval,7/22/86,nadia.sandoval
Hezekiah,Spears,7/12/88,hezekiah.spears
Patience,Austin,2/14/89,patience.austin
Aliza,Novak,4/2/90,aliza.novak
Kathy,Bradley,1/11/91,kathy.bradley
Zayden,Mccarthy,7/29/93,zayden.mccarthy
Mariah,Browning,8/9/95,mariah.browning
Titus,Prince,12/26/58,titus.prince
Salma,Curtis,10/20/61,salma.curtis
Sebastian,Suarez,11/24/61,sebastian.suarez
Anastasia,Bautista,4/15/64,anastasia.bautista
Priscilla,Crane,1/22/65,priscilla.crane
Kamron,Mcclure,2/8/65,kamron.mcclure
James,Kennedy,2/10/65,james.kennedy
Kassidy,Jensen,10/14/65,kassidy.jensen
Delilah,Wilson,8/24/70,delilah.wilson
Carmen,Prince,6/18/71,carmen.prince
Eli,Huffman,9/16/71,eli.huffman
Esmeralda,Lowe,7/4/72,esmeralda.lowe
Gordon,Moss,9/27/74,gordon.moss
Felicity,Moss,11/5/74,felicity.moss
Eliza,Nelson,11/4/80,eliza.nelson
Efrain,Larsen,3/30/84,efrain.larsen
Brock,Romero,8/22/85,brock.romero
Bruno,Brennan,10/17/85,bruno.brennan
Rylan,Downs,7/22/86,rylan.downs
Seamus,Sexton,7/12/88,seamus.sexton
Katie,Carter,2/14/89,katie.carter
Cesar,Mahoney,4/2/90,cesar.mahoney
Karli,Hancock,1/11/91,karli.hancock
Selena,Payne,7/29/93,selena.payne
Ace,Fowler,8/9/95,ace.fowler
Serenity,Schmidt,12/26/58,serenity.schmidt
Litzy,Grant,10/20/61,litzy.grant
Tianna,Summers,11/24/61,tianna.summers
Christian,Sloan,4/15/64,christian.sloan
Gianni,Townsend,1/22/65,gianni.townsend
Jaylee,Cook,2/8/65,jaylee.cook
Renee,Ware,2/10/65,renee.ware
Lauren,Barry,10/14/65,lauren.barry
Diya,Sandoval,8/24/70,diya.sandoval
Leilani,Castillo,6/18/71,leilani.castillo
Lewis,Black,9/16/71,lewis.black
Emery,Wilcox,7/4/72,emery.wilcox
Lamar,Newton,9/27/74,lamar.newton
Ricardo,Shepard,11/5/74,ricardo.shepard
Corbin,Osborne,11/4/80,corbin.osborne
Kaylen,Sandoval,3/30/84,kaylen.sandoval
Brynlee,White,8/22/85,brynlee.white
Ezequiel,Banks,10/17/85,ezequiel.banks
Kayden,Gibson,7/22/86,kayden.gibson
Annabelle,Dyer,7/12/88,annabelle.dyer
Julio,Owen,2/14/89,julio.owen
Serenity,Fletcher,4/2/90,serenity.fletcher
Audrey,Liu,1/11/91,audrey.liu
Lance,Powell,7/29/93,lance.powell
Malakai,Lara,8/9/95,malakai.lara
August,Brock,12/26/58,august.brock
Nia,Winters,10/20/61,nia.winters
Cristal,Andrews,11/24/61,cristal.andrews
Brogan,Zavala,4/15/64,brogan.zavala
Malakai,Hogan,1/22/65,malakai.hogan
Miguel,Fitzgerald,2/8/65,miguel.fitzgerald
Jazlyn,Wyatt,2/10/65,jazlyn.wyatt
Cullen,Robinson,10/14/65,cullen.robinson
Pierce,Bryan,8/24/70,pierce.bryan
Audrey,Roberson,6/18/71,audrey.roberson
Jermaine,Irwin,9/16/71,jermaine.irwin
Pranav,Harding,7/4/72,pranav.harding
Allie,Berger,9/27/74,allie.berger
Karen,Novak,11/5/74,karen.novak
Bradley,Stafford,11/4/80,bradley.stafford
Ishaan,Klein,3/30/84,ishaan.klein
Solomon,Whitney,8/22/85,solomon.whitney
Brisa,Hickman,10/17/85,brisa.hickman
Zion,Crawford,7/22/86,zion.crawford
Hope,Mata,7/12/88,hope.mata
Brooke,Branch,2/14/89,brooke.branch
Donovan,Buckley,4/2/90,donovan.buckley
Lola,Mason,1/11/91,lola.mason
Roderick,Melendez,7/29/93,roderick.melendez
Delilah,Ali,8/9/95,delilah.ali
Kamora,Hester,12/26/58,kamora.hester
Arianna,Lawrence,10/20/61,arianna.lawrence
Allan,Fuentes,11/24/61,allan.fuentes
Brian,Mcdowell,4/15/64,brian.mcdowell
Hope,Burnett,1/22/65,hope.burnett
Tyler,Mayer,2/8/65,tyler.mayer
Ariel,Adkins,2/10/65,ariel.adkins
Kyla,Tapia,10/14/65,kyla.tapia
Evangeline,Morales,8/24/70,evangeline.morales
Brayden,Barnes,6/18/71,brayden.barnes
Terrence,Ellis,9/16/71,terrence.ellis
Lyric,Vega,7/4/72,lyric.vega
Tyrese,Lloyd,9/27/74,tyrese.lloyd
Amani,Mccall,11/5/74,amani.mccall
Grady,Summers,11/4/80,grady.summers
Hector,Woodward,3/30/84,hector.woodward
Franco,Roman,8/22/85,franco.roman
Julianne,Pena,10/17/85,julianne.pena
Jaron,Peterson,7/22/86,jaron.peterson
Keyla,Montgomery,7/12/88,keyla.montgomery
Jaycee,Walls,2/14/89,jaycee.walls
Clarence,Sawyer,4/2/90,clarence.sawyer
Saul,Horn,1/11/91,saul.horn
Thaddeus,Weaver,7/29/93,thaddeus.weaver
Daphne,Jones,8/9/95,daphne.jones
Jared,Wright,12/26/58,jared.wright
Joey,Terrell,10/20/61,joey.terrell
Juan,Everett,11/24/61,juan.everett
Kendra,Bass,4/15/64,kendra.bass
Ian,Marquez,1/22/65,ian.marquez
Rosa,Proctor,2/8/65,rosa.proctor
Cordell,Davidson,2/10/65,cordell.davidson
Phoenix,Haas,10/14/65,phoenix.haas
Jesus,Matthews,8/24/70,jesus.matthews
Valeria,Bruce,6/18/71,valeria.bruce
Lesly,Lewis,9/16/71,lesly.lewis
Scarlet,Palmer,7/4/72,scarlet.palmer
Robert,Church,9/27/74,robert.church
Christian,Nunez,11/5/74,christian.nunez
Rex,Horne,11/4/80,rex.horne
Alejandro,Mann,3/30/84,alejandro.mann
Cordell,Robinson,8/22/85,cordell.robinson
Wesley,Vega,10/17/85,wesley.vega
Esteban,Beard,7/22/86,esteban.beard
Lance,Blanchard,7/12/88,lance.blanchard
Cora,Atkins,2/14/89,cora.atkins
Nathalia,Baker,4/2/90,nathalia.baker
Carl,Sampson,1/11/91,carl.sampson
Jadon,Wall,7/29/93,jadon.wall
Demarcus,Bender,8/9/95,demarcus.bender
Edith,Mcknight,12/26/58,edith.mcknight
Cameron,Lang,10/20/61,cameron.lang
Trinity,Rodriguez,11/24/61,trinity.rodriguez
Andres,Rubio,4/15/64,andres.rubio
Leonidas,Boyd,1/22/65,leonidas.boyd
Diana,Rocha,2/8/65,diana.rocha
Lamar,Mullen,2/10/65,lamar.mullen
Ruby,Harvey,10/14/65,ruby.harvey
Reilly,Hood,8/24/70,reilly.hood
Gretchen,Shea,6/18/71,gretchen.shea
Aaliyah,Mccoy,9/16/71,aaliyah.mccoy
Chandler,Dickson,7/4/72,chandler.dickson
Elsie,David,9/27/74,elsie.david
Braxton,Preston,11/5/74,braxton.preston
Mara,Reese,11/4/80,mara.reese
Ryleigh,Reilly,3/30/84,ryleigh.reilly
Leyla,Tran,8/22/85,leyla.tran
Trace,Hunter,10/17/85,trace.hunter
Amelie,Mccormick,7/22/86,amelie.mccormick
Emilie,Stevens,7/12/88,emilie.stevens
Alvaro,Noble,2/14/89,alvaro.noble
Jazmin,Poole,4/2/90,jazmin.poole
Zion,Montoya,1/11/91,zion.montoya
Carlos,Galloway,7/29/93,carlos.galloway
Gavin,Aguirre,8/9/95,gavin.aguirre
Dashawn,Cisneros,12/26/58,dashawn.cisneros
Jazlynn,Dominguez,10/20/61,jazlynn.dominguez
Tiana,Mcbride,11/24/61,tiana.mcbride
Mylie,Morris,4/15/64,mylie.morris
Brylee,Ellis,1/22/65,brylee.ellis
Ian,Osborne,2/8/65,ian.osborne
Aisha,Gregory,2/10/65,aisha.gregory
Kendra,James,10/14/65,kendra.james
Molly,Bradshaw,8/24/70,molly.bradshaw
Bria,Sheppard,6/18/71,bria.sheppard
Demetrius,Hogan,9/16/71,demetrius.hogan
Savion,Berg,7/4/72,savion.berg
Felipe,White,9/27/74,felipe.white
Violet,Monroe,11/5/74,violet.monroe
Yoselin,Walker,11/4/80,yoselin.walker
Jenny,Bradford,3/30/84,jenny.bradford
Aldo,Randolph,8/22/85,aldo.randolph
Jayden,Gay,10/17/85,jayden.gay
Maleah,Melendez,7/22/86,maleah.melendez
Kelly,Curtis,7/12/88,kelly.curtis
Cameron,Lopez,2/14/89,cameron.lopez
Brennen,Bryant,4/2/90,brennen.bryant
Cassidy,Russell,1/11/91,cassidy.russell
Ximena,Braun,7/29/93,ximena.braun
Griffin,Watson,8/9/95,griffin.watson
Abdiel,Shaffer,12/26/58,abdiel.shaffer
Isai,Mclaughlin,10/20/61,isai.mclaughlin
Jakayla,Huang,11/24/61,jakayla.huang
Mathias,Anthony,4/15/64,mathias.anthony
Marlie,Nunez,1/22/65,marlie.nunez
Litzy,Valencia,2/8/65,litzy.valencia
Keaton,Hammond,2/10/65,keaton.hammond
Phoenix,Martin,10/14/65,phoenix.martin
Alisha,Reese,8/24/70,alisha.reese
Hillary,Fitzgerald,6/18/71,hillary.fitzgerald
Ali,Krause,9/16/71,ali.krause
Todd,Christensen,7/4/72,todd.christensen
Zachariah,Newton,9/27/74,zachariah.newton
Olive,Small,11/5/74,olive.small
Brock,Gonzales,11/4/80,brock.gonzales
Alexis,Mccormick,3/30/84,alexis.mccormick
Frida,Rowe,8/22/85,frida.rowe
Savannah,Rivers,10/17/85,savannah.rivers
Sidney,Dixon,7/22/86,sidney.dixon
Bethany,Clarke,7/12/88,bethany.clarke
Zara,Lang,2/14/89,zara.lang
Ahmed,Shaw,4/2/90,ahmed.shaw
Cole,Collier,1/11/91,cole.collier
Daniel,Farrell,7/29/93,daniel.farrell
Abbie,Molina,8/9/95,abbie.molina
Rogelio,Odom,12/26/58,rogelio.odom
Keshawn,Harrison,10/20/61,keshawn.harrison
Carlos,Bryan,11/24/61,carlos.bryan
Harper,Ortega,4/15/64,harper.ortega
Sarah,Skinner,1/22/65,sarah.skinner
Easton,Sweeney,2/8/65,easton.sweeney
Lea,Willis,2/10/65,lea.willis
Zachariah,Moreno,10/14/65,zachariah.moreno
Riley,Chan,8/24/70,riley.chan
Ean,Forbes,6/18/71,ean.forbes
Semaj,Arellano,9/16/71,semaj.arellano
Finley,Nichols,7/4/72,finley.nichols
Rey,Fischer,9/27/74,rey.fischer
Stacy,Thompson,11/5/74,stacy.thompson
Adison,Gutierrez,11/4/80,adison.gutierrez
Mina,Cook,3/30/84,mina.cook
Kaiden,Figueroa,8/22/85,kaiden.figueroa
Desirae,Golden,10/17/85,desirae.golden
Paxton,Forbes,7/22/86,paxton.forbes
Zariah,Bartlett,7/12/88,zariah.bartlett
Davis,Marsh,2/14/89,davis.marsh
Mireya,Cummings,4/2/90,mireya.cummings
Konnor,Trevino,1/11/91,konnor.trevino
Harley,Webster,7/29/93,harley.webster
Pedro,Ramos,8/9/95,pedro.ramos
Jaquan,Pitts,12/26/58,jaquan.pitts
Justice,Novak,10/20/61,justice.novak
Erica,Bryant,11/24/61,erica.bryant
Adeline,Leonard,4/15/64,adeline.leonard
Maximilian,Ochoa,1/22/65,maximilian.ochoa
Jamison,Schneider,2/8/65,jamison.schneider
Kara,Chapman,2/10/65,kara.chapman
Winston,Clarke,10/14/65,winston.clarke
Davis,Hanna,8/24/70,davis.hanna
Adyson,Casey,6/18/71,adyson.casey
Efrain,Thompson,9/16/71,efrain.thompson
Shayla,Thornton,7/4/72,shayla.thornton
Jazlene,Fitzpatrick,9/27/74,jazlene.fitzpatrick
Jamari,Santana,11/5/74,jamari.santana
Norah,Clay,11/4/80,norah.clay
Randall,Hill,3/30/84,randall.hill
Stacy,Kemp,8/22/85,stacy.kemp
Hezekiah,Garcia,10/17/85,hezekiah.garcia
Kale,Gardner,7/22/86,kale.gardner
Timothy,Warner,7/12/88,timothy.warner
Kassandra,Mills,2/14/89,kassandra.mills
Kenyon,Shaffer,4/2/90,kenyon.shaffer
Lilia,James,1/11/91,lilia.james
Angelique,Mckay,7/29/93,angelique.mckay
Adalynn,Perez,8/9/95,adalynn.perez
Mareli,Hunter,12/26/58,mareli.hunter
Todd,Harris,10/20/61,todd.harris
Whitney,Andrade,11/24/61,whitney.andrade
Antoine,Kent,4/15/64,antoine.kent
Mekhi,Glover,1/22/65,mekhi.glover
Lilianna,Macdonald,2/8/65,lilianna.macdonald
Braeden,Davis,2/10/65,braeden.davis
Braiden,Mclean,10/14/65,braiden.mclean
Enzo,Davenport,8/24/70,enzo.davenport
Zackary,Galloway,6/18/71,zackary.galloway
Evelyn,Merritt,9/16/71,evelyn.merritt
Geovanni,Donovan,7/4/72,geovanni.donovan
Dalia,Ryan,9/27/74,dalia.ryan
Leon,Bright,11/5/74,leon.bright
Daniel,Castillo,11/4/80,daniel.castillo
Emmy,Glass,3/30/84,emmy.glass
Kayley,Lindsey,8/22/85,kayley.lindsey
Griffin,Terry,10/17/85,griffin.terry
Noah,Hogan,7/22/86,noah.hogan
Miracle,May,7/12/88,miracle.may
Diamond,Owen,2/14/89,diamond.owen
Drake,Barry,4/2/90,drake.barry
Damien,Mccann,1/11/91,damien.mccann
Oswaldo,Davila,7/29/93,oswaldo.davila
Devyn,Cardenas,8/9/95,devyn.cardenas
Daisy,Conway,12/26/58,daisy.conway
Michaela,Campbell,10/20/61,michaela.campbell
Declan,Sparks,11/24/61,declan.sparks
Jessie,Morrison,4/15/64,jessie.morrison
Donald,Reynolds,1/22/65,donald.reynolds
Caleb,Pruitt,2/8/65,caleb.pruitt
Breanna,Bradley,2/10/65,breanna.bradley
Keenan,Suarez,10/14/65,keenan.suarez
Mariela,Dunn,8/24/70,mariela.dunn
Jayden,Leonard,6/18/71,jayden.leonard
Brooke,Franklin,9/16/71,brooke.franklin
Azaria,Neal,7/4/72,azaria.neal
Tamara,Raymond,9/27/74,tamara.raymond
Mylee,Weeks,11/5/74,mylee.weeks
Gemma,Morton,11/4/80,gemma.morton
Kailyn,Hendricks,3/30/84,kailyn.hendricks
Matias,Monroe,8/22/85,matias.monroe
Jasmin,Alexander,10/17/85,jasmin.alexander
Jayson,Dalton,7/22/86,jayson.dalton
Abdullah,Kaufman,7/12/88,abdullah.kaufman
Elijah,Mitchell,2/14/89,elijah.mitchell
Brodie,Chang,4/2/90,brodie.chang
Stephanie,Campos,1/11/91,stephanie.campos
Alexandria,Burgess,7/29/93,alexandria.burgess
Destinee,Pruitt,8/9/95,destinee.pruitt
Elizabeth,Decker,12/26/58,elizabeth.decker
Blaze,Mathews,10/20/61,blaze.mathews
Shyann,Jackson,11/24/61,shyann.jackson
Ezequiel,Knapp,4/15/64,ezequiel.knapp
Jasper,Weiss,1/22/65,jasper.weiss
Luke,Strong,2/8/65,luke.strong
Nelson,Torres,2/10/65,nelson.torres
Isai,Winters,10/14/65,isai.winters
Mariyah,Carroll,8/24/70,mariyah.carroll
Jared,Coffey,6/18/71,jared.coffey
Kailyn,Morgan,9/16/71,kailyn.morgan
Asa,Burns,7/4/72,asa.burns
Landyn,Cervantes,9/27/74,landyn.cervantes
Jazmyn,Ferrell,11/5/74,jazmyn.ferrell
Kenzie,Combs,11/4/80,kenzie.combs
Parker,Fowler,3/30/84,parker.fowler
Tania,Mcgrath,8/22/85,tania.mcgrath
Sidney,Dorsey,10/17/85,sidney.dorsey
Avery,Woods,7/22/86,avery.woods
Jaydin,Wade,7/12/88,jaydin.wade
Randall,Shelton,2/14/89,randall.shelton
Terrence,Ho,4/2/90,terrence.ho
Esperanza,Hodges,1/11/91,esperanza.hodges
Tania,Lee,7/29/93,tania.lee
Aaliyah,Foster,8/9/95,aaliyah.foster
Breanna,Griffin,12/26/58,breanna.griffin
Owen,Dennis,10/20/61,owen.dennis
Kody,Savage,11/24/61,kody.savage
Alyvia,Good,4/15/64,alyvia.good
Jorden,Meadows,1/22/65,jorden.meadows
Carter,Dickson,2/8/65,carter.dickson
Alessandro,Weber,2/10/65,alessandro.weber
Aubrey,Floyd,10/14/65,aubrey.floyd
Emma,Welch,8/24/70,emma.welch
Madalynn,Wang,6/18/71,madalynn.wang
Sofia,Kane,9/16/71,sofia.kane
Darrell,Singleton,7/4/72,darrell.singleton
Camille,Warner,9/27/74,camille.warner
Gerald,Moon,11/5/74,gerald.moon
Esteban,Hayden,11/4/80,esteban.hayden
Alayna,Duran,3/30/84,alayna.duran
Vincent,Hunt,8/22/85,vincent.hunt
Cesar,Taylor,10/17/85,cesar.taylor
Vaughn,Martinez,7/22/86,vaughn.martinez
Janiya,Willis,7/12/88,janiya.willis
Levi,Hickman,2/14/89,levi.hickman
Landin,Huerta,4/2/90,landin.huerta
Oswaldo,Pollard,1/11/91,oswaldo.pollard
Jayson,Dickson,7/29/93,jayson.dickson
Brendan,Glenn,8/9/95,brendan.glenn
Dane,David,12/26/58,dane.david
Gerardo,Snyder,10/20/61,gerardo.snyder
Yuliana,Hoffman,11/24/61,yuliana.hoffman
Tobias,Mcneil,4/15/64,tobias.mcneil
Jason,Mendoza,1/22/65,jason.mendoza
Diya,Stone,2/8/65,diya.stone
Samantha,Clements,2/10/65,samantha.clements
Devyn,Blanchard,10/14/65,devyn.blanchard
Xavier,Moss,8/24/70,xavier.moss
Gisselle,Walker,6/18/71,gisselle.walker
Hallie,Gomez,9/16/71,hallie.gomez
Misael,Nielsen,7/4/72,misael.nielsen
Bo,Herman,9/27/74,bo.herman
Ruben,Acevedo,11/5/74,ruben.acevedo
Vicente,Banks,11/4/80,vicente.banks
Allison,Ibarra,3/30/84,allison.ibarra
Daniella,Hurst,8/22/85,daniella.hurst
Elliana,Arnold,10/17/85,elliana.arnold
Akira,Poole,7/22/86,akira.poole
Virginia,Morris,7/12/88,virginia.morris
Devon,Shea,2/14/89,devon.shea
Alfred,Wong,4/2/90,alfred.wong
Ryker,Torres,1/11/91,ryker.torres
Jennifer,Lam,7/29/93,jennifer.lam
Zechariah,Stevenson,8/9/95,zechariah.stevenson
Emery,Kane,12/26/58,emery.kane
Tobias,Krause,10/20/61,tobias.krause
Scarlett,Thompson,11/24/61,scarlett.thompson
Samir,Leblanc,4/15/64,samir.leblanc
Naima,Rollins,1/22/65,naima.rollins
Gary,Leonard,2/8/65,gary.leonard
Rene,Keith,2/10/65,rene.keith
Deacon,Downs,10/14/65,deacon.downs
Jasiah,Floyd,8/24/70,jasiah.floyd
Gia,Zamora,6/18/71,gia.zamora
Hector,Perry,9/16/71,hector.perry
Addison,Santos,7/4/72,addison.santos
Cullen,Harding,9/27/74,cullen.harding
Kai,Donovan,11/5/74,kai.donovan
Azaria,Fields,11/4/80,azaria.fields
Jamarcus,Bruce,3/30/84,jamarcus.bruce
Sanaa,Rubio,8/22/85,sanaa.rubio
Hector,Finley,10/17/85,hector.finley
Mathew,Ryan,7/22/86,mathew.ryan
Gabriela,Manning,7/12/88,gabriela.manning
Micheal,Galvan,2/14/89,micheal.galvan
Jermaine,Salinas,4/2/90,jermaine.salinas
Marely,Good,1/11/91,marely.good
Johanna,Mays,7/29/93,johanna.mays
Giselle,Lowery,8/9/95,giselle.lowery
Jordyn,Ayala,12/26/58,jordyn.ayala
Tyrone,Atkinson,10/20/61,tyrone.atkinson
Solomon,Vazquez,11/24/61,solomon.vazquez
Ahmad,Benjamin,4/15/64,ahmad.benjamin
George,Maldonado,1/22/65,george.maldonado
Elena,Morales,2/8/65,elena.morales
Danny,Vance,2/10/65,danny.vance
Tiara,Mcbride,10/14/65,tiara.mcbride
Taylor,Morrison,8/24/70,taylor.morrison
Arely,Whitehead,6/18/71,arely.whitehead
Makaila,Gould,9/16/71,makaila.gould
Ryland,Santiago,7/4/72,ryland.santiago
Mario,Herman,9/27/74,mario.herman
Dallas,Weeks,11/5/74,dallas.weeks
Esteban,Lang,11/4/80,esteban.lang
Kimberly,Grimes,3/30/84,kimberly.grimes
Ashly,Strickland,8/22/85,ashly.strickland
Elian,Mosley,10/17/85,elian.mosley
Kiley,Harmon,7/22/86,kiley.harmon
Ashanti,Melton,7/12/88,ashanti.melton
Kolby,Martinez,2/14/89,kolby.martinez
Jayce,Wilkinson,4/2/90,jayce.wilkinson
Dominik,Noble,1/11/91,dominik.noble
Carlo,Howell,7/29/93,carlo.howell
Shyanne,Olsen,8/9/95,shyanne.olsen
Cassandra,Mann,12/26/58,cassandra.mann
Kiera,Fox,10/20/61,kiera.fox
Cassie,Roberts,11/24/61,cassie.roberts
Alyssa,Garrett,4/15/64,alyssa.garrett
Jillian,Shepherd,1/22/65,jillian.shepherd
Hector,Koch,2/8/65,hector.koch
Malcolm,Small,2/10/65,malcolm.small
Ariel,Parsons,10/14/65,ariel.parsons
Paris,Jenkins,8/24/70,paris.jenkins
Yasmine,Newman,6/18/71,yasmine.newman
Gustavo,Mcdowell,9/16/71,gustavo.mcdowell
Douglas,Foster,7/4/72,douglas.foster
Rhett,Hooper,9/27/74,rhett.hooper
Denise,Richards,11/5/74,denise.richards
Eugene,Bryan,11/4/80,eugene.bryan
Logan,Henry,3/30/84,logan.henry
Alexandria,Fleming,8/22/85,alexandria.fleming
Sienna,Wiggins,10/17/85,sienna.wiggins
Emma,Cabrera,7/22/86,emma.cabrera
Gia,Rice,7/12/88,gia.rice
Tabitha,Burton,2/14/89,tabitha.burton
Aleah,Davies,4/2/90,aleah.davies
Eva,Cabrera,1/11/91,eva.cabrera
Georgia,Leblanc,7/29/93,georgia.leblanc
Aubrey,Mcknight,8/9/95,aubrey.mcknight
Kevin,Gilbert,12/26/58,kevin.gilbert
Shaylee,Blankenship,10/20/61,shaylee.blankenship
Javier,Manning,11/24/61,javier.manning
Taliyah,Michael,4/15/64,taliyah.michael
Nelson,Hodges,1/22/65,nelson.hodges
Zechariah,Floyd,2/8/65,zechariah.floyd
Denisse,Mercado,2/10/65,denisse.mercado
Enzo,Waters,10/14/65,enzo.waters
Jase,Nash,8/24/70,jase.nash
Xzavier,Hartman,6/18/71,xzavier.hartman
Cornelius,Shields,9/16/71,cornelius.shields
Reagan,Medina,7/4/72,reagan.medina
Kadyn,Turner,9/27/74,kadyn.turner
Annalise,Eaton,11/5/74,annalise.eaton
Lawson,Salinas,11/4/80,lawson.salinas
Jamiya,Bowen,3/30/84,jamiya.bowen
Kyla,Ortiz,8/22/85,kyla.ortiz
Gabriella,Matthews,10/17/85,gabriella.matthews
Danielle,Wolfe,7/22/86,danielle.wolfe
Finnegan,Bautista,7/12/88,finnegan.bautista
Leila,Bell,2/14/89,leila.bell
Mariyah,Flores,4/2/90,mariyah.flores
Jorge,Rivers,1/11/91,jorge.rivers
Eden,Anthony,7/29/93,eden.anthony
Antwan,Huffman,8/9/95,antwan.huffman
,,,
,,,
,,,
,,,
,,,
,,,
,,,
,,,
,,,
,,,
,,,
,,,
,,,
,,,
,,,
,,,
,,,
,,,
,,,
,,,
,,,
,,,
,,,
,,,
,,,
,,,
,,,
,,,
,,,
,,,
,,,
,,,
,,,
,,,
,,,
,,,
,,,
,,,
,,,
,,,
,,,
,,,
,,,
,,,
,,,
,,,
,,,
,,,
,,,
,,,
,,,
,,,
,,,
,,,
,,,
,,,
,,,
,,,
,,,
,,,
,,,
,,,
,,,
,,,
,,,
,,,
,,,
,,,
,,,
,,,
,,,
,,,
,,,
,,,
,,,
,,,
,,,
,,,
,,,
,,,
,,,
,,,
,,,
,,,
,,,
,,,
,,,
,,,
,,,
,,,
,,,
,,,
,,,
,,,
,,,
,,,
,,,
,,,
,,,
,,,
,,,
,,,
,,,
,,,
,,,
,,,
,,,
,,,
,,,
,,,
,,,
,,,
,,,
,,,
,,,
,,,
,,,
,,,
,,,
,,,
,,,
,,,
,,,
,,,
,,,
,,,
,,,
,,,
,,,
,,,
,,,
,,,
,,,
,,,
,,,
,,,
,,,
,,,
,,,
,,,
,,,
,,,
,,,
,,,
,,,
,,,
,,,
,,,
,,,
,,,
,,,
,,,
,,,
,,,
,,,
,,,
,,,
,,,
,,,
,,,
,,,
,,,
,,,
,,,
,,,
,,,
,,,
,,,
,,,
,,,
,,,
,,,
,,,
,,,
,,,
,,,
,,,
,,,
,,,
,,,
,,,
,,,
,,,
,,,
,,,
,,,
,,,
,,,
,,,
,,,
,,,
,,,
,,,
,,,
,,,
,,,
,,,
,,,
,,,
,,,
,,,
,,,
,,,
,,,
,,,
,,,
,,,
,,,
,,,
,,,
,,,
,,,
,,,
,,,
,,,
,,,
,,,
,,,
,,,
,,,
,,,
,,,
,,,
,,,
,,,
,,,
,,,
,,,
,,,
,,,
,,,
,,,
,,,
,,,
,,,
,,,
,,,
,,,
,,,
,,,
,,,
,,,
,,,
,,,
,,,
,,,
,,,
,,,
,,,
,,,
,,,
,,,
,,,
,,,
,,,
,,,
,,,
,,,
,,,
,,,
,,,
,,,
,,,
,,,
,,,
,,,
,,,
,,,
,,,
,,,
,,,
,,,
,,,
,,,
,,,
,,,
,,,
,,,
,,,
,,,
,,,
,,,
,,,
,,,
,,,
,,,
,,,
,,,
,,,
,,,
,,,
,,,
,,,
,,,
,,,
,,,
,,,
,,,
,,,
,,,
,,,
,,,
,,,
,,,
,,,
,,,
,,,
,,,
,,,
,,,
,,,
,,,
,,,
,,,
,,,
,,,
,,,
,,,
,,,
,,,
,,,
,,,
,,,
,,,
,,,
,,,
,,,
,,,
,,,
,,,
,,,
,,,
,,,
,,,
,,,
,,,
,,,
,,,
,,,
,,,
,,,
,,,
,,,
,,,
,,,
,,,
,,,
,,,
,,,
,,,
,,,
,,,
,,,
,,,
,,,
,,,
,,,
,,,
,,,
,,,
,,,
,,,
,,,
,,,
,,,
,,,
,,,
,,,
,,,
,,,
,,,
,,,
,,,
,,,
,,,
,,,
,,,
,,,
,,,
,,,
,,,
,,,
,,,
,,,
,,,
,,,
,,,
,,,
,,,
,,,
,,,
,,,
,,,
,,,
,,,
,,,
,,,
,,,
,,,
,,,